,City,Lat,Lng
0,nouadhibou,23.727049431680655,-21.318775598233742
1,yellowknife,63.227112014662595,-108.37205155121731
2,khatanga,87.84999079381512,94.79889977442053
3,dakar,14.060871673937555,-20.257755290524983
4,rikitea,-35.16409586905906,-137.2755010098195
5,novyy svit,45.943179573348885,36.36411505220843
6,tuatapere,-46.84432632842521,164.95849974374255
7,torbay,43.14897664210295,-41.756175995855216
8,cape town,-52.90325975632203,-7.124665620514094
9,normandin,50.19784564117836,-73.22833740795873
10,nelson bay,-35.3044439365065,156.04567491837338
11,marsabit,2.9135317070672784,37.591512361179895
12,longyearbyen,80.42565132965188,23.59527990608393
13,port elizabeth,-75.91771314774044,29.540043593513246
14,constitucion,18.314663513059728,-118.34036780249335
15,east london,-40.71362302167632,35.23306050931467
16,seminole,27.393341098893288,-83.74174372499743
17,punta arenas,-82.24848261970698,-96.71174328848444
18,san juan de colon,8.046153647853927,-72.41516640682899
19,thompson,74.31368076765415,-92.53778343383999
20,taolanaro,-56.59412867541136,60.6588007397246
21,kardailovo,51.5220025362764,53.840229977310514
22,bull savanna,15.773198458987636,-77.1408555005747
23,jamestown,-42.82372291063564,-12.332575796581636
24,port alfred,-81.69381256560291,52.51773716330797
25,pangnirtung,66.94589483405238,-65.79162991573824
26,hermanus,-86.70722920910511,10.406996477873122
27,hilo,7.462510558736312,-147.16612901083957
28,sorland,72.52735258196302,7.177636817229455
29,avarua,-82.70672269016544,-167.45467080722125
30,marshall,32.590367661174156,-94.41225217033119
31,hithadhoo,-12.89092445977758,77.35464115643362
32,lanigan,51.734417785177556,-104.93410538530092
33,jaen,37.62054540840107,-3.828190646076621
34,gijon,44.46061046439564,-5.379539884440106
35,bambous virieux,-38.56982488802206,81.28106237607489
36,butaritari,5.564925517898857,164.00992385485603
37,bluff,-53.91243930408108,168.14710642602847
38,vaini,-39.71562146197002,-168.51615887560266
39,sao gabriel da cachoeira,-1.0309658287641952,-66.97622823891945
40,nikolskoye,50.49702913226551,168.8753531126181
41,mangrol,20.033685667494694,68.66938321403262
42,albany,-53.393639037289475,107.40647617058391
43,mataura,-33.91386893833336,-150.60190310066133
44,victoria,-1.9876901694652247,61.37732418558795
45,tabiauea,-1.693086039299743,169.34370507757285
46,la libertad,9.75583679764381,-90.20282641763285
47,marcona,-24.800835412534013,-87.68596135625262
48,ushuaia,-70.43348303538055,-47.87058537487664
49,qaanaaq,81.21162161328533,-69.78736816023617
50,lasa,31.922179079997008,91.60512123239562
51,iquitos,-2.5617515168955265,-73.92292678277519
52,leningradskiy,73.00239726179109,178.6412933715016
53,busselton,-79.91648801346628,80.62879046475399
54,kapaa,39.96871329433864,-160.07350312329055
55,alice springs,-22.056135807011827,133.6887245821162
56,igarka,67.99803472444017,86.35698089046537
57,broome,-17.785439743466952,123.64147021180003
58,norman wells,72.2089678761964,-120.4270249261424
59,cidreira,-44.182137669669444,-33.76557588905581
60,waitara,-38.998975072329685,174.70814992848773
61,arraial do cabo,-27.479440223654038,-38.95267899933634
62,atuona,-7.181193505084735,-116.69248350980675
63,sandy bay,17.077671241064834,-87.07098656553138
64,alofi,-24.07048405537921,-169.63424179248582
65,tiksi,70.97407333442769,127.21167612407146
66,roald,63.266973831248464,6.0706018996424405
67,belushya guba,76.96026366574145,46.40511831107702
68,eyl,5.6284623847624005,53.34577325092201
69,cherskiy,88.65479304644484,160.7699472726967
70,yumen,41.18957839448879,96.2969278688318
71,tasiilaq,62.12365558876613,-36.04108168160553
72,saskylakh,72.29044469404215,108.99352239382398
73,new norfolk,-51.98849876560451,140.1665042098428
74,narsaq,78.94265517157066,-68.40764248529648
75,kaitangata,-59.79951444067497,174.18616507539275
76,sitka,52.757895412653994,-137.37720255514648
77,rocha,-49.95610292781337,-40.67799085675534
78,camargo,-20.44825337151788,-64.76181238089832
79,egvekinot,63.3594270398942,-178.71353938660525
80,kjollefjord,72.67261882694689,26.811517599191205
81,bethel,60.7126882872366,-158.05517119151304
82,praia da vitoria,44.90907736917626,-22.58115402372303
83,adrar,24.426830718893243,0.8749815805252581
84,galveston,29.465583378040378,-94.67397261993823
85,bo phloi,14.476817737070306,98.94371203546001
86,galatas,38.31023838422351,21.58053223444847
87,izhma,66.51163765515506,55.06233058264942
88,airai,16.997744521980792,146.13786959326995
89,sambava,-13.014706956501243,52.48450563959122
90,george town,18.285888178457824,-81.98690265539416
91,mayor pablo lagerenza,-19.862090445037367,-61.69000895911668
92,port-gentil,-2.101859132167206,2.8972864553446414
93,beisfjord,68.33803143589654,17.964683534482845
94,young,-32.79803277742579,-57.11471813083247
95,warburton,31.537641888637253,73.93725669129341
96,mitsamiouli,-10.33589823350762,42.58161407301441
97,uk,54.91293710372335,98.81647771392903
98,zaragoza,41.575158719749936,-0.3443398507652944
99,lagoa,52.41499792586134,-29.681312005452128
100,puerto ayora,-10.920496447767079,-92.68469987544304
101,bengkulu,-23.255296645066963,87.28139747956664
102,kahului,21.761000390870365,-155.15769405307734
103,vila,-18.4961757732583,166.52014918436322
104,mar del plata,-50.97818870103453,-48.46248497608272
105,ilulissat,81.52248406454407,-43.363330523485956
106,sfantu gheorghe,44.12868583668282,30.87549803347744
107,yaan,29.702925425827544,102.77768487902347
108,talnakh,78.45825989730878,89.40388152524474
109,kloulklubed,3.3896219257454874,136.82744413512518
110,vila velha,-25.598705548612543,-24.324074675397753
111,chuy,-58.523159244082166,-25.52849378691849
112,illoqqortoormiut,89.35529144145443,-30.067865582518323
113,attawapiskat,67.80354927872114,-84.90430103042246
114,keti bandar,23.188582661855747,67.34071803629774
115,saint anthony,54.91436230041984,-56.20460160552521
116,flinders,-31.37905305897695,135.54098301769676
117,hofn,65.02107159314707,-11.012243518436577
118,coihaique,-51.31486939124903,-85.65456826383573
119,huarmey,-12.061814811087615,-82.37637813066767
120,oranjestad,13.841793882351226,-70.57772022874414
121,klaksvik,76.86599042913147,-4.013925156433743
122,lubango,-15.777212038790125,14.4172920152009
123,amderma,78.87057521375152,61.97886053133635
124,wajid,3.6780727101997712,42.57090009092883
125,mrirt,33.1881307742034,-5.222301693531222
126,severo-kurilsk,38.07038063725139,163.1954754915775
127,te anau,-45.51488070283033,164.4498352120176
128,shenjiamen,29.081654807009542,122.58516747837075
129,mikhaylovka,49.88233373505119,43.31568663446413
130,hackettstown,40.720856919635594,-74.81538824314572
131,lebu,-29.61454909247577,-100.99290000028249
132,marshfield,44.18864988298884,-90.55006220548601
133,lorengau,6.579726605483373,147.53902823927427
134,castro,-44.80409074043598,-105.07850378286948
135,nome,62.276395780020465,-165.45780423986213
136,kontagora,9.936139798227416,5.416433285497476
137,boende,-0.36396704755003384,20.367905266053185
138,bredasdorp,-87.5382040052054,26.951030179691543
139,upernavik,73.10709660201249,-52.945902014158335
140,gouyave,12.279544399488898,-62.000594747556065
141,barrow,86.531380051354,-165.5192930602723
142,pevek,71.68385576686163,169.75186511443235
143,ponta do sol,36.492367271981365,-19.804387895832264
144,antananarivo,-19.098788110738212,47.614741013244185
145,hovd,44.36765661635181,97.84603913055315
146,isangel,-21.543774023647444,175.04393209393976
147,sola,-14.747863394817443,172.7734265952725
148,hvide sande,55.98977330893527,5.918753560271796
149,hobart,-84.66552371300116,140.47096950340216
150,mayo,64.74102745906725,-135.41383816911397
151,batticaloa,8.709350036530921,84.04195288021288
152,chulman,56.732840013223466,126.40185427959784
153,huicungo,-7.65571259178077,-76.47813778630311
154,saint-philippe,-58.386897075842136,68.79253606664437
155,mutsamudu,-12.079795392261275,44.474249163989754
156,lompoc,23.394642394238332,-134.5180420851799
157,luderitz,-29.887039772627325,10.47588113843912
158,vao,-22.58465437336703,168.12925564955952
159,lucea,17.17491426972471,-79.48705280047702
160,koumac,-24.227557871020636,160.85686645079585
161,cayenne,8.367462087536012,-47.75082077126402
162,carnarvon,-22.608606522777208,103.79441570035289
163,provideniya,58.40321441482928,-176.3710882066268
164,goderich,4.273566115252379,-18.301883948587204
165,asosa,11.118934420560109,35.15126850539053
166,sao gotardo,-19.244225019343247,-46.231935358529256
167,harper,-1.7529850046311424,-10.406756072243667
168,georgetown,-1.7798808575227127,-20.127687654907504
169,mutoko,-17.34272121592852,32.958899557594265
170,boditi,6.537529073990299,37.810497764087614
171,tungkang,20.466421258775114,118.39005052636168
172,souillac,-39.35115677366587,67.69640002556753
173,bom jesus,-9.923961624865015,-44.03016836166074
174,bathsheba,17.662342074219353,-48.12471399600571
175,grand river south east,-20.346953168390698,72.06162925168184
176,gbarnga,6.740447101893196,-9.401404532382628
177,qasigiannguit,67.53164098614664,-47.228052440050874
178,kidal,17.553458316337228,3.5534211182074387
179,ancud,-41.32288474680007,-78.79604842010187
180,mahebourg,-37.47009872078795,75.38928114378055
181,caravelas,-21.763794955782288,-28.423057795508186
182,hami,37.81898708092497,90.98158742441058
183,barentsburg,85.44459059844033,9.982724259577509
184,cap malheureux,-12.41831595434742,60.02513930717981
185,plettenberg bay,-46.413051800925054,23.47612635556368
186,nizhneyansk,79.95807574848484,136.7203393298921
187,kirkuk,35.76759627036722,44.7782327121036
188,renala khurd,30.817758829991448,73.61326491465968
189,sisimiut,66.76178141530485,-57.91029781229035
190,hambantota,-4.110043375124405,84.6206229887465
191,viedma,-45.46088094878718,-59.738479509293896
192,maku,38.785702776567746,44.264450713283196
193,san patricio,5.641078081407585,-114.85095011374129
194,sterling,41.09738370443574,-102.26623987656987
195,chifeng,42.89791092126876,118.72929367306745
196,carlsbad,32.24147354532275,-105.152504415332
197,taoudenni,20.785650468382926,-4.280737778854245
198,ribeira grande,38.87574110404111,-32.16670261046983
199,beringovskiy,49.78430274585577,179.2112997741092
200,palabuhanratu,-17.311553026917096,99.61832549385736
201,lata,-10.192047616519687,167.39129586689972
202,tsevie,6.580195233943456,1.2425751005040695
203,lizzano,39.90528362465733,17.47045612139084
204,taburi,9.751319531802764,114.55617947288493
205,tessalit,22.65872925398216,0.3402936220848005
206,tevriz,58.641555456394116,72.24829244056295
207,rafaela,-31.494445179301714,-61.57863373403862
208,prince rupert,49.36657929717995,-133.81533763769718
209,marzuq,26.325039521379722,13.724588005939836
210,port hardy,43.91681358997428,-135.22628990378237
211,tazovskiy,69.68858008010767,80.361142434415
212,podzvizd,45.183859987577364,15.845763436310364
213,mys shmidta,75.73095020049831,-179.3653750233706
214,dicabisagan,18.35772327496727,125.67970156300532
215,mount gambier,-55.147560700427114,128.02125735710598
216,vostok,45.75526223136805,135.93333361290223
217,guerrero negro,18.20417965634134,-127.25439964322892
218,vestmannaeyjar,56.649947078010655,-20.890551621437538
219,sentyabrskiy,42.392459835487756,153.4346242296824
220,teguise,29.770355071223662,-14.207510807875906
221,tsihombe,-56.58026311610954,50.22232881554331
222,kalianget,-6.953817193366845,114.4035430200579
223,henzada,17.41669538778484,95.02294226675815
224,esperance,-35.39210181610697,123.27847439567859
225,susanino,58.0708788200987,41.305410825694196
226,roma,-26.679312704753848,148.60268758269677
227,rafraf,38.243457015068,10.652478835352213
228,san cristobal,-1.5409245734338555,-85.31614755489831
229,gejiu,23.00461239628713,103.03101045755261
230,dharchula,33.63786741593704,82.60418547157207
231,chokurdakh,78.1967010080775,144.4555143754044
232,amol,36.36794342435344,52.474178313275985
233,samusu,-5.107168742661202,-163.55369731611648
234,shirokiy,65.09289251180289,148.2031501457456
235,zavodouspenskoye,56.92652868146854,64.93255753309137
236,mathathane,-22.889238564399207,28.806782681204027
237,fort nelson,60.440890937965264,-121.60914587395939
238,college,70.94729840449298,-147.7053830473659
239,naron,44.642222471840995,-8.190742448073507
240,arinos,-16.264934295241886,-46.00537010499963
241,biak,-1.1189198940118388,137.2631856529464
242,ourem,-1.5887089532291583,-46.84560851555659
243,haines junction,60.0857981014542,-139.23266143592213
244,kodiak,55.01653589719234,-149.42028057616076
245,saint george,34.629445080100965,-58.18670398267881
246,faya,16.604840237477234,18.3354561661007
247,port macquarie,-33.323275209868434,156.18362396821124
248,bintulu,4.169597263126207,111.98554954441357
249,barabai,-2.784837046997268,115.98513803281264
250,cockburn town,24.600219694789644,-66.52353164415757
251,meulaboh,-2.7966918533210787,88.83093495066561
252,daxian,31.469041196037168,107.53026894134598
253,san policarpo,12.076413229723741,127.17734870102328
254,iqaluit,66.68974837221771,-80.88769253304356
255,khirkiya,22.08361801418509,77.0332904545379
256,clarence town,21.92753594772246,-74.49328830223006
257,hasaki,28.963040725137134,155.77785281214062
258,barbar,20.93058484225871,34.648234723239085
259,chapais,55.32080539722878,-71.94695205003508
260,rincon,12.66803571486696,-68.55949057745592
261,san ignacio,-15.664317540710613,-60.39003877791558
262,tigzirt,36.94301708857702,3.923031624158483
263,tarija,-22.013876968356584,-64.65831623930143
264,clyde river,71.79141186074003,-84.26501131935493
265,severodvinsk,64.61358077458632,39.19242150196047
266,gat,25.03687181041245,9.556303552846316
267,the hague,52.07925450341128,4.294893247881163
268,san angelo,31.480711757223602,-100.19952583440673
269,avera,-34.78990238092252,-156.95390386838912
270,ahipara,-28.89142984327693,171.66524687137627
271,west wendover,39.96895256957609,-114.27893174908802
272,saldanha,-35.719499900946644,11.792338166857576
273,kavieng,17.78565533160969,152.49772912206708
274,lasem,-5.869880427393028,111.56754182599309
275,havre-saint-pierre,55.843177932678515,-63.630056589553945
276,okahandja,-21.975769655331703,17.493358139618095
277,limon,10.65956739953117,-81.84905374356612
278,labuhan,-17.659018242297677,96.2532954493692
279,zambezi,-13.072764047393946,21.81914272978983
280,xai-xai,-25.39338410408972,33.93521652340385
281,catuday,17.3834514968201,117.52888121610744
282,qaqortoq,62.62819332683253,-46.56421982977571
283,sinnamary,12.916273172700926,-48.54130017960395
284,warqla,31.7316023923224,4.81497928182543
285,khasan,39.39811253917716,131.45033668594942
286,iquique,-19.49313784290574,-71.61941128927397
287,ust-kulom,61.84268467572582,54.73384444801374
288,tarata,-17.903309704949024,-69.18824211335787
289,vaitupu,-7.047789629835819,-175.19600695567533
290,sept-iles,53.028690671537134,-67.30663953994977
291,buala,0.7113950194011238,161.91145940422678
292,maltahohe,-24.712178122687376,16.630340516881233
293,brae,64.10573864945056,-1.7486195232501984
294,yeltsovka,51.81042059222449,82.46472176094636
295,roswell,34.201624098071875,-104.87123521067919
296,coquimbo,-30.130743953567816,-75.30338162778826
297,atka,60.655217236840315,151.76052154630565
298,banda aceh,5.304093558654699,95.16505648250927
299,havelock,30.94768323849351,-72.7805979130735
300,toliary,-26.106984245355342,41.44468753559491
301,pokhara,33.26685860151591,86.41001133962686
302,sumbawa,-6.961783943501175,116.88288903824855
303,ciudad bolivar,5.673580842379124,-63.22420047653941
304,krasnyy chikoy,49.398646885745194,109.42382110623066
305,mehamn,82.81032222959865,30.137186320728887
306,karaul,73.03615440777276,84.19668759047255
307,saint-ambroise,50.18733008505089,-70.49971483453275
308,myaundzha,63.60343797863163,147.41490982118597
309,saravena,6.877492089381988,-71.47121099044686
310,macusani,-14.099009167527043,-69.23833424983988
311,bose,24.172214544737784,106.10844723173585
312,shakawe,-18.737263183369024,22.796370603822254
313,bogdanovich,56.73996308365622,62.27324690471741
314,faanui,-15.488950861545746,-156.97630174267377
315,riyadh,21.951998325416497,48.80010441377166
316,severnyy,69.08459452828671,63.98937667018387
317,saleaula,-6.8008480911344265,-169.51419667447504
318,beloha,-31.78978573390654,39.901270336900666
319,ploemeur,46.23690041051486,-4.114647111410278
320,ambilobe,-12.488472294667758,48.78560883465278
321,katangli,51.19018980566398,143.42071074486086
322,kaspiyskiy,44.67098654411345,47.71097891064156
323,straumen,66.74109623118434,16.45661090662921
324,dikson,76.80887553923952,82.87349797308423
325,teya,61.11905932629864,91.75104330095922
326,cabo san lucas,11.09309926865862,-120.94306607224699
327,uray,59.967257391628806,64.1848855238278
328,nola,3.7178184779512264,16.550871061449925
329,pinheiro machado,-31.68872447532611,-53.04705755047682
330,quito,-0.06369371437833138,-78.33617231752937
331,phan thiet,8.959913653332393,108.90201090428116
332,vilyuysk,60.908417921880186,122.28255761438618
333,ouagadougou,12.46249948108985,-1.5974615800642766
334,omsukchan,63.90013097845275,156.54211595766452
335,midland,44.229949197868336,-84.24282136496245
336,kysyl-syr,61.66973085078979,122.73486706848229
337,maniitsoq,66.53534771608423,-51.30104820277327
338,codo,-4.713018145355733,-44.1574784761292
339,uruacu,-14.154106909750027,-49.52671242006181
340,bushehr,28.88315194374782,50.25676364364125
341,keetmanshoop,-26.653164088929856,19.34737394314746
342,caconda,-13.716613981894099,15.574758961306316
343,aanekoski,62.91231652226179,25.17005768422362
344,yakeshi,47.77255212546012,120.41720122878297
345,beroroha,-21.37947636267765,45.571783315411835
346,tuktoyaktuk,87.15757254864099,-127.73356787113804
347,oktyabrskiy,56.529872155478216,99.15823937965592
348,erzin,48.96839134842358,94.74111538231381
349,honiara,-9.640645117065773,158.63443752610652
350,tamandare,-10.130641316079604,-29.907612182834498
351,leesburg,39.12749712648298,-77.52815074577066
352,chumikan,55.24757225237329,134.99731067409414
353,borogontsy,62.11143288177965,130.90633333201504
354,moindou,-24.011363243085256,164.32650758365423
355,diamantino,-13.418742890226923,-54.03037352795481
356,lobez,53.49212126596481,15.544861667749672
357,barawe,-1.0347023231253303,44.98049503424383
358,temyasovo,53.11357639840827,57.81468242344101
359,bolshoye murashkino,55.95539124905227,44.66889455151431
360,griffith,-34.910454538832894,145.80178395612126
361,solnechnyy,61.70916793264135,138.8315518934093
362,jurmala,57.07276307357566,23.539517288032073
363,port lincoln,-42.712171549101264,128.9241020059465
364,emerald,-24.744662939128347,144.45030256920853
365,tiarei,-13.154108375390607,-146.28489442524665
366,chippewa falls,45.92845015210173,-91.43784613247318
367,waddan,28.074306225614038,17.15409304782304
368,saurimo,-9.511494968882715,19.535952264600866
369,tamano,34.43495128221434,134.0176132449422
370,asayita,10.885855675442485,41.722791582336896
371,umzimvubu,-39.20281197041843,36.17035775513298
372,alekseyevsk,59.53941890365749,108.33053665457754
373,vung tau,6.853631126843737,108.85915363896629
374,makakilo city,13.143590162484728,-163.22298604872327
375,boca do acre,-9.188794580057277,-66.02519562816563
376,asau,-7.415048815256,179.83584484021372
377,inuvik,68.32215777069177,-133.090472688362
378,san rafael,-16.4190488586151,-59.60047147364162
379,marystown,47.343620594861875,-54.8028052462342
380,katsuura,25.49464316573129,144.06833088968096
381,kasongo-lunda,-8.174459344110275,18.21423361465449
382,bilma,19.50807098476423,10.305845053530987
383,kailua,27.674710083804015,-154.64321051079384
384,port blair,11.074954239721762,94.48054470858563
385,ballyshannon,54.53511894953078,-8.098098466991217
386,fortuna,35.23397826194295,-142.3145565904158
387,amahai,-3.3048844456719593,131.2775942572868
388,adre,12.50368131055842,23.525014292073053
389,sao filipe,11.496268334261856,-29.060137642310394
390,santa isabel do rio negro,-0.22739443523600755,-65.87844708484735
391,kalaleh,37.37184783374076,55.36006209202773
392,fairview,56.8510177191223,-118.58537208793132
393,tucurui,-4.516736256960613,-50.17740034714029
394,itarema,5.098377723290923,-37.69524734787373
395,suluq,31.59682434505008,21.109228168597184
396,itoman,25.329830982601734,126.76520605138296
397,bimbo,4.010520569016691,18.8175491993116
398,vardo,79.71966033772543,35.23212399070138
399,namatanai,-2.079231373200045,152.43338858673098
400,coruripe,-12.36475581979829,-33.59040807064659
401,lena,60.49047477908633,10.801453716650428
402,dibaya,-6.980916190167974,22.900791777115188
403,alta floresta,-9.214092832087147,-57.62407705428021
404,monrovia,-0.014475304348451346,-13.99324289133611
405,cabrobo,-8.525338913922042,-39.05877904476577
406,padang,-0.7203207309946436,100.15740190700973
407,kalanguy,50.87589924135159,117.15180327164956
408,nantucket,38.70844068133411,-67.01124582312545
409,celestun,21.60920578769499,-93.34015279122997
410,tevaitoa,-17.99271276922444,-151.85770919811839
411,evensk,62.50101517479777,158.52270397513314
412,pontianak,-0.415071346464174,109.1452782108152
413,mogadishu,-2.9886746001746474,48.40521699099966
414,srandakan,-15.273106697220555,107.33770243612156
415,tsaratanana,-15.969428273579396,48.14234890707547
416,safranbolu,40.94265470960636,33.12436097461054
417,gillette,44.103704232509926,-105.67319663426623
418,bud,70.62702815561309,3.695165952509285
419,ostrovnoy,75.4003137606054,40.90595529547073
420,nanortalik,49.6629698493596,-41.094771785047016
421,namibe,-19.805530495102076,7.48387871581906
422,guangyuan,33.18050936436369,106.01338438942298
423,kyabram,-36.65476590898889,144.7666620265756
424,gwadar,24.882036417812344,62.89854880907697
425,satitoa,-14.852145853411159,-170.78521422194441
426,santarem,-2.928675375530233,-55.12011416431699
427,grand gaube,-17.029303984314964,62.47506910615235
428,saryg-sep,51.680710322149764,95.36631961145906
429,malindi,-3.664979729311696,41.40758585251038
430,jiayuguan,41.14866594020327,98.42824936539131
431,pouembout,-21.203168327952937,164.7072787459158
432,ishigaki,25.219889381746654,123.8921340824379
433,mirina,39.65535412403355,24.65434394815489
434,jinhua,28.890863672165736,119.89212720108031
435,beira,-20.949010567798965,37.378739736880306
436,wanning,16.22141296948041,114.50552881445344
437,srivardhan,16.90036584172482,68.95678565355132
438,tual,-6.945711794686602,132.16042293344515
439,tumannyy,82.59506945931642,38.87451766714506
440,yulara,-28.81434165416576,132.99891449657866
441,muroto,28.294591203190706,135.9176804054162
442,tocopilla,-21.661805155095976,-70.0868265642203
443,korla,39.74291879486623,85.81580223379729
444,mentok,-1.773566268048782,104.6242163982497
445,shkotovo-26,41.92907419676507,132.32014058757943
446,atagay,55.09373277281583,99.58382848418717
447,laguna,-39.268657282715154,-34.428061494667475
448,muncie,40.299920014595614,-85.06865775132682
449,ugoofaaru,5.374514892697931,69.81606663714584
450,louisbourg,40.408979139492715,-57.142163065336035
451,zhitikara,51.5854021454071,61.24171765806406
452,worth,49.180788609241944,8.24865810115125
453,albert town,18.286151815996703,-77.46446591251626
454,jalu,26.623611362939386,22.284458582083744
455,isla aguada,19.092447929902008,-91.76833541480289
456,sovetskaya,44.71947088793627,41.18118293684472
457,piacabucu,-12.615409946540908,-35.13233635113829
458,svetlogorsk,66.6844847626073,93.40728324430529
459,okhotsk,58.07291697288471,145.58889345603683
460,hualmay,-18.912156934007726,-91.7428440424508
461,sao joao da barra,-31.02081135942393,-25.064325134170076
462,sioux lookout,53.21024745787125,-90.51735815616959
463,tura,64.13350102923911,102.86344079184164
464,manzil salim,35.92865591146324,7.580629297041924
465,mahajanga,-15.263810866247042,45.42334554119029
466,ifo,6.789933649559231,2.9706142423573283
467,atambua,-7.955634608809532,127.6021058903961
468,bolungarvik,66.23408065854917,-24.429907420260662
469,coxim,-17.866494066803313,-55.12262042720765
470,inhambane,-24.22688523421823,37.829350294871944
471,douglas,43.22594619349027,-105.10390581240762
472,poum,-23.585176864276605,159.9087407380522
473,providencia,28.419450489636446,-111.53901985485166
474,thomaston,33.04548530429395,-84.59843172442207
475,aleksandrov gay,48.528361531543624,49.09445142993155
476,kulhudhuffushi,6.556266872017986,73.06014874411846
477,kutum,17.57206784540938,25.158100512246307
478,ust-maya,60.988760081800876,133.58555366788386
479,wawa,47.97874290073864,-84.91804511569538
480,cabinda,-5.846689192213333,11.80465505129689
481,portland,-55.17019411993267,131.0104275368579
482,villanueva,10.610072168552563,-72.97031054465549
483,kichera,55.230936268981736,110.69321046724951
484,longview,32.66977388660965,-94.91573715799467
485,tromso,69.79998174335208,19.483380578399135
486,praia,10.18453272650791,-21.711095633808668
487,orocue,4.787035708494173,-71.49702082576437
488,thouars,47.06970279055335,-0.4291216847963426
489,ozernovskiy,51.92465664097415,157.65320965396813
490,orotukan,62.28992028899765,152.14301354168026
491,tombouctou,16.965394550621525,-2.699875196574112
492,north bend,43.689996398435454,-132.06673923617933
493,fuxin,41.89815953325018,121.87081375705174
494,prado,-17.668062199912384,-34.523145645162344
495,punalur,9.071396856484384,77.10966215026627
496,san quintin,20.93323562081271,-128.3298960200447
497,ibra,21.634535620246538,57.773295337866415
498,muisne,2.8031811803258364,-83.37148740387947
499,grootfontein,-20.136887740304374,18.52971649589307
500,vaitape,-17.893865917817223,-155.00550700196706
501,ust-ilimsk,57.70895179606785,101.70005730591186
502,mtwara,-9.81717352828069,40.21937649631437
503,jinchang,40.11525309036742,102.46528924826919
504,zapolyarnyy,69.55675873544328,30.85917156965118
505,thoen,17.62790467729593,98.97576265475811
506,puerto escondido,7.4902314283189355,-98.6335049827772
507,dalvik,65.29355413546097,-19.211876858958647
508,la cruz,11.07823408439586,-85.50503117773464
509,antalaha,-13.946131283353964,54.2556978887971
510,mareeba,-16.555101756111597,141.1402536627703
511,kovernino,57.22551782651877,44.252641112134114
512,richards bay,-30.139740579718634,33.83109036153971
513,goteborg,57.37352970875827,11.358216108560072
514,codrington,25.289255809610623,-47.88862550779433
515,jabiru,-12.978486071691648,133.78034700373445
516,turayf,31.814383941907806,39.40439795583839
517,hihifo,-16.029284666211822,-175.81325053449837
518,san carlos de bariloche,-40.60122863102813,-71.69176877389555
519,leh,34.36970981991762,77.85018446881259
520,soldotna,60.02719868885208,-150.973832176288
521,san ramon,-12.812643983182227,-64.82884995954227
522,rabo de peixe,39.9875248339448,-25.085154574209298
523,vega de alatorre,21.456644273671486,-94.72989989719589
524,helong,42.40790463881345,128.4606128884579
525,panaba,24.92436507976177,-87.63544768184825
526,caraballeda,11.12442207369439,-66.76311604622387
527,placido de castro,-11.405543306184654,-67.31103244032371
528,berga,41.95826718585627,1.6621912783360813
529,kropotkin,59.41895337609287,115.0705495729859
530,el alto,-3.5021855672020905,-84.34791643619411
531,bonthe,1.3997225833916787,-16.74973134691038
532,sigmaringen,48.014288165141124,9.188616479729433
533,geraldton,-27.929885924050772,109.93667269325073
534,nemuro,41.32685494615086,148.20934065876833
535,ygatimi,-24.039672791803156,-55.52279640247555
536,salinopolis,2.3785049478385787,-47.30355812374967
537,teguldet,61.17295510789893,88.09480769011935
538,glen allen,37.75213126240874,-77.56327131229497
539,ozgon,39.7667388610985,73.59339205311744
540,sur,20.18874953093554,59.91028623279422
541,shibarghan,36.59897344555513,65.8291167957754
542,kudahuvadhoo,2.7291639315149325,64.7624514154194
543,buchanan,3.5571524609886183,-10.040794268082266
544,aksarka,63.847563515229155,69.3316108735483
545,sibolga,1.0590198324563147,97.233816699469
546,owensboro,37.87366207436847,-87.26910020409028
547,tuy hoa,13.189734779748562,108.80683186106995
548,san benito,9.932903943391537,126.069503500319
549,caucaia,-1.1344500900104748,-36.89095883289079
550,rosetta,33.101899478066514,29.759819153911536
551,alugan,16.73686064552801,132.09584643515058
552,kaman,27.730173817992693,77.19763513103402
553,ismailia,30.40281261235026,32.47586520635744
554,alejandria,6.381541508921686,-75.12592598858005
555,villarrica,-39.258697711979465,-71.52137599241516
556,sulina,44.891940581023505,30.683460588216406
557,los llanos de aridane,28.05549374428098,-23.334716636573347
558,maumere,-8.335222484232204,122.69662159944403
559,saint-augustin,54.39267959692742,-60.956857565098105
560,kaabong,3.407366026680677,34.81154120178411
561,rockland,42.70310393365074,-68.83024949295493
562,batagay,66.87617105785515,137.1655983843072
563,coaticook,44.88558971663281,-71.70483993017258
564,manacapuru,-2.7152208133660167,-61.0740011883172
565,waipawa,-47.22484428899302,179.7830227508515
566,kushiro,42.40458113800409,144.3296065196614
567,novyy urgal,51.45037960559239,131.83474725843234
568,tiznit,28.50249189171511,-8.940602136554475
569,chipping sodbury,51.66045462305715,-2.457466271254873
570,buncrana,56.36788237711539,-8.306097629363734
571,matara,-3.324886698274483,82.1190124848298
572,axim,-0.6105840653283252,-2.6804077081732203
573,tabas,33.554652613254845,57.187116992833495
574,iralaya,15.24443000080852,-81.36482442044561
575,myitkyina,27.162625818294188,98.29764671954183
576,kingaroy,-26.402433009144822,151.344693613866
577,mglin,53.035400995749654,32.67191158187032
578,olga,42.064194441127086,136.31241529746933
579,walvis bay,-25.3626429090679,7.747531204310889
580,kirovskiy,45.01297637045434,133.4804308100836
581,natal,-4.893738264816804,-32.5988273020474
582,lavrentiya,74.00723508631933,-168.8509711915803
583,hailin,44.97611648199782,129.21695958776417
584,tommot,57.51593852976856,127.49497073534104
585,husavik,77.96950461447528,-10.229944697287891
586,la ronge,59.964094832942976,-103.92282240966453
587,chagda,56.98291268563969,132.37618567487743
588,umm kaddadah,12.657666226675133,26.677075862094824
589,ramon,51.95967568040038,39.19408038911399
590,tahta,24.93271834918467,29.6090986848684
591,pandan,16.29650069352762,125.15944577050425
592,alpena,44.82217913534731,-83.53429743499524
593,paamiut,59.887854750555135,-49.02267653271599
594,lemesos,33.8483267364213,33.56606959047335
595,zholymbet,51.52707177950043,71.6285588700417
596,berbera,11.058899049334045,45.49814011391226
597,hun,29.948182010874504,15.110411444450449
598,grindavik,52.62541549937791,-29.845391063659406
599,quatre cocos,-15.989544286020504,69.31356788464268
600,allapalli,19.423989039708033,80.23794799839686
601,verkhnevilyuysk,62.728905804498794,119.46224684016613
602,nalut,30.739854728837244,11.491306746316582
603,ape,57.379593155183215,26.63187918228394
604,peleduy,59.99963725257825,113.59465132760783
605,crab hill,16.289769662900184,-57.353259229065046
606,zitiste,45.55749361002012,20.521734402103476
607,galesong,-5.519142105590561,119.71211354869007
608,perth,-31.0465305968046,114.73871664752227
609,cadereyta,20.662798587561994,-99.7012634816768
610,hamilton,30.351612030560005,-69.24121848338356
611,algeciras,2.3328771346580623,-75.0860743982963
612,sembe,1.8186684244197693,13.348884468130478
613,preobrazheniye,42.16044067603113,135.0495764096815
614,hermosillo,29.181261618854222,-111.28020011243562
615,montlucon,46.617919962680816,2.8170727615404303
616,kazanlak,42.64322027414528,25.41274626251112
617,vanimo,1.249435559338309,140.48585421866147
618,liusha,23.412870346523874,115.97243942968919
619,naryan-mar,68.04338216004649,51.49299311931958
620,lesnoye,58.34210463353796,35.54273751199594
621,otane,-41.323176713787575,178.13002224247634
622,touros,-2.153480730335801,-34.087874501327775
623,abha,19.52837789616457,42.96882368936258
624,japura,-0.9639128817333926,-69.50136692635242
625,kirakira,-11.042334015441156,162.2685426501427
626,san juan,20.17406081210852,-65.9657176330936
627,bossier city,32.57551019284409,-93.64198311852877
628,along,33.00684549000279,95.41894302180407
629,venice,26.79208508276065,-83.40716898891631
630,apatou,5.331622649485581,-54.52441293727985
631,kashima,36.14799775269856,140.89861420390065
632,pinega,65.18799825727513,42.668383996235946
633,aklavik,71.90513227129205,-140.1954604032633
634,mucurici,-18.224614979822064,-40.57520739831756
635,kuche,39.6853984101615,83.66962135521919
636,periyakulam,10.19124420907498,77.55616563847514
637,goulburn,-34.31284777307365,149.8308058634147
638,qiqihar,47.715612622022945,123.8665953753113
639,rio grande,-41.25402645239945,-41.93005059097308
640,neyshabur,35.82068682584125,58.68812808858121
641,victor harbor,-38.169725499885324,137.71491213244326
642,ituni,5.207193608184298,-57.93786374016857
643,madocsa,46.704316161980216,18.984071493240208
644,ilhabela,-29.006995486707766,-42.479538623378204
645,anadyr,61.287804313559036,173.52573657947147
646,peterhead,58.20082373636848,0.5567513125935761
647,puerto penasco,31.212534514907233,-113.63176804253143
648,demyansk,57.76201746830333,32.094779014823246
649,baykit,63.522100710730484,96.05954348902998
650,porto murtinho,-21.69402880499706,-59.00207687342531
651,kavaratti,9.362265845960394,67.50981790369084
652,cockburn harbour,22.673484600639213,-72.29490671512849
653,saeby,57.02483206279322,11.045488573927258
654,dunedin,-48.91603921709343,175.70809182506844
655,fairbanks,76.45961384016996,-144.5653339634502
656,wadi musa,29.52760894209868,36.11957127454204
657,macaboboni,16.372007844080088,117.0178128888424
658,betong,6.07039277617389,100.86752796238608
659,mapiripan,3.2764870483156727,-71.97066239536039
660,bolshegrivskoye,53.35157903567247,74.62955998713113
661,carutapera,5.94658284881578,-42.98538869384103
662,kano,12.027370786981109,8.246884598485394
663,jerantut,4.426099110141706,102.53044420326864
664,waingapu,-13.874076725640322,118.15458929996703
665,nyurba,66.80231998933021,117.1377475256902
666,ibanda,-0.17257316495438602,30.742273986378137
667,karauzyak,44.505089423502994,59.73102988545142
668,minbu,20.24874239287719,94.42100092314485
669,ossora,60.52442452758464,161.55417905360935
670,areka,7.299407481487705,37.71721704155908
671,aguimes,27.493122046281414,-15.378750359917746
672,aden,12.637144784001137,45.62946813147491
673,arlit,21.179110310995853,8.716661874415024
674,manjacaze,-25.827583161151836,35.14355892674405
675,saskatoon,51.77323619174172,-106.2634089016688
676,stornoway,58.254874687886144,-8.465231896488206
677,portel,-2.645778556958561,-50.51250866747745
678,tawnat,33.64021573170649,-3.576134997138979
679,bandar-e lengeh,26.15139644875414,55.52030190418802
680,krasnoselkup,65.0558856073576,81.62849380211071
681,olovyannaya,51.11151134418691,115.63751820989359
682,srednekolymsk,73.13582160668005,154.1883155413039
683,kruisfontein,-43.66262987860538,24.97638543804439
684,lufilufi,-9.533419609778164,-169.43645981571603
685,ust-kuyga,68.91586433310559,134.9937238771169
686,bara,14.230676127585411,29.42372019568296
687,corozal,18.442706605545496,-88.43933056782815
688,barstow,34.8645410575966,-116.73084868622342
689,afikpo,6.0714386125031865,8.007484002908456
690,tezu,29.641346990574647,98.11623352371191
691,flin flon,61.14088955369127,-102.78143239239877
692,parfino,57.98174403744423,31.790970278887585
693,steenwijk,52.91292460816433,6.238492909823549
694,kalmunai,9.412752612917515,87.22805358432714
695,oranjemund,-28.175863217964896,15.627967007825788
696,pisco,-24.181675060140506,-98.09913535306882
697,tres arroyos,-37.70025030662922,-60.987788436880436
698,phan rang,9.639022775114071,111.12977397346071
699,lakatoro,-17.73687924565499,165.82697157484245
700,yacuiba,-21.76466414221646,-63.209522803871025
701,fengzhen,40.09911064013497,112.76900577433906
702,morondava,-20.392517605376796,43.32659585610892
703,santa ana,18.405176417328263,122.40085265803168
704,umm lajj,25.32244967965262,40.497723378991935
705,moerai,-21.642131534772744,-150.4057056129613
706,naze,19.87164978694048,138.54872992256395
707,luan,31.888878172576568,116.36760094580382
708,baherden,39.92455007736021,57.63241008223966
709,yerofey pavlovich,52.76349129115559,121.67642876719549
710,mendahara,-0.7139624121833492,102.37742777904265
711,toyooka,35.6363664468651,134.58321917768643
712,porosozero,63.325673872129755,32.241351741403264
713,fort saint james,55.293820602281016,-125.039351568661
714,bandarbeyla,4.68476237266303,57.80785600531675
715,palmer,61.27197286210637,-144.06484660431988
716,binzhou,23.736812006330183,107.99541652794761
717,taywarah,33.957246298786316,65.46775463688786
718,pine bluff,34.091197999252245,-92.10154223655047
719,dali,24.57831716292843,99.96031653213322
720,sarakhs,36.28327575947456,61.35574817058176
721,murakami,38.53549097540474,138.96917072220896
722,pimentel,-9.96745408492447,-85.64699207530168
723,rungata,-0.8023517876893749,178.65513057147814
724,zyryanka,65.53081894365553,149.8817566966436
725,tomatlan,18.485655318234336,-108.25104777170661
726,salalah,18.336906572191936,54.45964167051045
727,derbent,42.30225227509791,48.60443799408432
728,christchurch,-48.85034350198242,178.01268653607758
729,sabang,8.23473686459937,94.55357162615803
730,mariakani,-3.6192339014308317,39.26359436644276
731,pemberton,50.162626053428085,-123.1326739013964
732,kismayo,-1.3481776881479988,44.25036501716542
733,homer,60.29820225155004,-154.26305103050208
734,komsomolskiy,71.07703445551013,173.65362862693206
735,tilichiki,58.036751752649366,171.15885938413373
736,igrim,63.67955942837776,64.20425164410364
737,ust-shonosha,61.44107301830604,41.468849421331186
738,samarai,-13.272079004277316,150.62265967996274
739,barra do garcas,-14.468379643372103,-52.56805301975753
740,semnan,34.68659896898579,53.22783032102183
741,puttur,12.798457024660053,75.07222150733531
742,rakkestad,59.42477288558857,11.245685238180215
743,aleksandrovsk-sakhalinskiy,50.466512870307156,141.50623762722313
744,mingrelskaya,44.994178295364065,38.461627284684454
745,pistsovo,57.217485648832906,40.57846103624442
746,hede,33.84247673554731,121.29551062648187
747,gudalur,11.637518320849338,79.74606861457494
748,vagur,59.89680800592811,-6.704417087694253
749,hutchinson,38.3155122773567,-98.2820774856281
750,kodinsk,60.73836374608388,98.8342814777277
751,ksenyevka,53.637913526159195,118.64157340634387
752,nacozari,30.320292024619874,-109.35786608853353
753,scottsburgh,-33.98306990939104,36.45889686163375
754,okato,-38.78683780364562,173.19281920075133
755,atar,23.36581436223196,-9.664160064141782
756,kichmengskiy gorodok,59.878715744031524,45.762776481639946
757,kingman,34.575048488362896,-113.40384632524301
758,seymchan,62.647587792656395,153.31800062500844
759,ayame,6.027798920308584,-3.217229379180992
760,mizan teferi,6.615810920922925,36.109118863456985
761,narasannapeta,14.542446202340102,87.8036515354105
762,manadhoo,6.108336582569308,75.09297159239253
763,saint-prosper,46.37469097672553,-70.37917728431103
764,dwarka,22.39066780833916,67.25132174971264
765,luxeuil-les-bains,47.83863269875374,6.211644442671826
766,lacombe,52.62990641807468,-113.94107875836887
767,cavalcante,-13.77803094245759,-47.85570802838231
768,enshi,30.230090016933573,109.83271392778317
769,haibowan,41.91886164539366,105.90342849479754
770,karamea,-37.89156447492843,169.30362568948738
771,asfi,32.43989117655542,-9.48108921902525
772,porto nacional,-10.801484725888571,-47.834386155244204
773,muros,44.66943519989886,-17.88694936402635
774,jambi,-2.3513432049700214,103.69233605324303
775,taguatinga,-12.36192438666923,-46.09115937895706
776,amurzet,48.200904349059584,131.0388277907133
777,saint-paul,-21.11329805241985,54.4373806832821
778,mnogovershinnyy,54.559853998762065,138.72128447616114
779,hobyo,1.5217071784372251,52.33562326569188
780,baiyin,37.61995377447397,103.95530655455542
781,launceston,-40.358921014979444,148.02375579198485
782,geesthacht,53.426288053502844,10.37000924251123
783,wum,6.93893247064905,9.802960214163761
784,nuuk,65.83695091746071,-48.18178980218178
785,owando,-1.16323826442202,15.711652573041249
786,labutta,16.23505376066133,91.21773945618492
787,felidhoo,3.629415980340326,73.36315599274681
788,kamaishi,35.98132651179313,147.1451780583174
789,aflu,32.24270142173707,-0.43602040874250747
790,cascais,37.473242856348065,-13.689529748777147
791,kayes,14.156688505234783,-11.785496509364776
792,umea,63.40528544215323,19.7027873047532
793,dingle,51.35223574840987,-21.767995735740044
794,cairns,-14.555823642585082,146.54170653571458
795,madang,-4.253551064165123,146.97314612777024
796,samaipata,-18.15775522418147,-63.853365347498666
797,mumford,3.6039446799225345,-0.22002870711952482
798,buqayq,25.995902219967917,49.66297461372358
799,deloraine,49.274010523700554,-100.32291014278888
800,la palma,4.312278600445666,-82.08862535562697
801,kamenka,66.76926246961494,43.25344304873141
802,kemang,-6.775860875708034,107.00046253187753
803,pundaguitan,4.2769186746087655,129.2991328660508
804,guilin,25.38198270980797,110.10527537442925
805,mudyuga,63.70178170761125,38.85911966173447
806,bucerias,20.981589528355897,-106.82378603030075
807,taltal,-26.477024214606438,-72.37540681839337
808,balkhash,46.538137137434944,76.46435809849902
809,konotop,51.3429177398088,33.35954458526413
810,mangla,31.853544631166585,72.37218669511003
811,raga,7.130916559619308,25.33086903597993
812,san andres,13.015984793187982,-78.80331019721498
813,capitan bado,-23.291102711310828,-55.64199984850559
814,esmeraldas,2.072287731255969,-81.00560430593076
815,illescas,40.0091825990483,-3.8371268519803436
816,bairiki,0.6971439552357026,166.67630867141486
817,kota kinabalu,8.476532763019279,113.30873583482617
818,jutai,-6.2550728633043065,-68.50521944488861
819,gizo,-12.359790109934849,155.37144967195206
820,abalak,15.871675516367063,5.918735682101328
821,aswan,23.56032835633505,30.30572204114864
822,peniche,40.01722109910608,-12.667050812084995
823,puerto suarez,-18.76130528098244,-58.576892299250744
824,yambio,3.8557319913309698,28.297613578423665
825,los palacios,22.234821525876,-83.05040507395542
826,totness,5.014913901141938,-56.04354193899552
827,kiama,-37.563039467459,155.30556504827393
828,chiredzi,-20.525961263341514,31.647187037608575
829,de-kastri,51.89415051227351,140.67224509216038
830,udachnyy,67.14241280306845,115.61965402010327
831,deputatskiy,71.47954008221998,141.37937383291467
832,sun city west,33.927906185585954,-112.30626506437022
833,changji,43.958982080927655,87.05245821824712
834,krasnovka,49.079577565769284,39.87066742697786
835,ginda,17.52023627608837,39.879495171840205
836,balboa,2.1118018918462838,-77.30854095089714
837,rawson,-43.475295080462104,-64.30379210345954
838,colesberg,-30.043950513086813,24.956161920350866
839,lehigh acres,26.62933751273222,-81.71001952255514
840,sarai alamgir,32.888150970428086,73.8359115655594
841,kaka,36.88005981482837,59.611911308440256
842,diffa,13.981185050058386,13.109801353377577
843,benguela,-12.570579557855496,11.741506937323663
844,salon-de-provence,43.60865771717408,5.105703238292705
845,ola,56.3875395363589,152.22079515756673
846,uren,57.468625450376095,45.59897868840994
847,jiuquan,38.307644793698074,98.17240919830311
848,novoshcherbinovskaya,46.54532463135746,38.61448162818138
849,truth or consequences,32.77959326436843,-106.92191392653288
850,lexington,42.31627264660327,-99.38668610492633
851,mabaruma,10.013644246812888,-57.4676905573948
852,cherepanovo,54.238955419491646,83.45422673402737
853,cusuna,15.57664285948691,-84.89095903233904
854,necochea,-45.62968150122787,-56.17916824764187
855,oda,37.369286628132656,130.98149836501415
856,novo aripuana,-6.634486906943337,-59.63683724227363
857,maceio,-11.763934910600696,-33.40467860231308
858,coahuayana,16.314280205987316,-104.99405023506954
859,moba,-7.2430946835087155,29.284169065964306
860,lucapa,-7.5905567941474885,20.599985473534275
861,cikampek,-6.404375478518162,107.48253504178456
862,comodoro rivadavia,-44.42414820359236,-67.89894716201519
863,buy,58.79364435725512,41.868070534308345
864,shima,24.486252704896728,117.91780227371555
865,ust-nera,62.58051533680418,142.13612240069637
866,koshurnikovo,54.26828069687136,93.41099117070394
867,batagay-alyta,67.64281859983208,129.0224339289412
868,jesus,-26.970988708880753,-55.797783937919206
869,mahon,40.74498213741123,5.6114247945574505
870,khani,57.09963993249178,122.67365639658112
871,knysna,-38.791062843153874,22.477122800093156
872,marsa matruh,30.028446065276114,26.010601412575625
873,barcelos,0.1352800985728777,-62.01364677636185
874,khovu-aksy,50.73620703966395,93.32559000672921
875,maues,-4.561540453811503,-57.28386715062116
876,beyneu,44.79888096471555,57.5041942635539
877,massakory,13.279308994583985,15.465010858077761
878,grand-lahou,3.329109333535186,-4.549555284407603
879,barra patuca,17.68420353395554,-83.34083280105217
880,mandalgovi,43.65145290913182,105.82130029211561
881,samatau,-14.50841045185824,-172.2594615550085
882,abu road,24.56665717220828,72.90313342440379
883,valer,60.69271729000113,11.671772640360615
884,goma,-1.17964413577441,27.427449192095537
885,rivera,2.789889632728304,-75.18584045856409
886,harnoli,32.219134101443146,71.65149609723736
887,tarko-sale,63.55755738855609,78.83639497644089
888,charters towers,-20.51766328515872,145.47391136605796
889,kungurtug,49.03704613028225,98.14293375453701
890,tigil,59.09473935647421,156.54176653454454
891,sao joao de pirabas,-0.5848804019997544,-46.764551509269864
892,bandar-e torkaman,38.02577585835894,53.595751917328556
893,palmas bellas,9.564917323187274,-80.58528486169102
894,achutupo,9.436534853056585,-77.66052246975786
895,la rioja,-29.94948488045864,-66.49255701752034
896,margate,-40.426210683436445,39.73973821134169
897,nara,16.52939758814985,-6.594258358025087
898,bloomington,39.281957859018235,-86.84002942824225
899,gazojak,42.48652447851563,63.120730474360045
900,rapid valley,43.35661074926486,-101.82313044744777
901,tibiri,13.323341487110184,6.489164606768327
902,mantua,22.82244440533219,-84.43206821494942
903,kirksville,40.64939188416179,-92.73104259418109
904,kankon,14.471226549278981,72.92833767838053
905,talesh,37.676556290134954,49.13737107968393
906,stykkisholmur,64.9249857139757,-23.160286400438906
907,olafsvik,63.80030749530948,-27.05512647776672
908,palana,58.85388158250959,161.43075587762786
909,caxias,-4.834942903098877,-43.07911675144729
910,ypsonas,34.6129290035812,32.832398007817204
911,svetlyy,48.93249645986677,61.50842675039067
912,iracoubo,14.451919908494787,-49.737845951357855
913,najran,16.96606905580323,43.75339349689486
914,cururupu,4.033721381975013,-41.96893198710788
915,solotcha,54.861792373594,39.8540485746411
916,djambala,-3.3447231682143297,14.709513626866567
917,lakhdenpokhya,61.45118628670272,29.90477240673613
918,aviles,45.889947738007635,-6.164338575099492
919,figeac,44.50099662358895,1.8087927018632115
920,babanusah,10.860162620827651,26.959146113511537
921,high prairie,55.128676348339155,-115.88864309012412
922,darhan,45.03213141808524,108.31538795512813
923,mersing,3.6847988634903572,106.75414591700633
924,saint-pierre,41.65867012681957,-54.98763321910954
925,dubbo,-30.716934072016024,148.1538055957514
926,alamosa,37.461799984768234,-106.79041467239014
927,abu zabad,11.565373540572622,29.018323743463412
928,yerbogachen,62.676265269298085,108.71919899886433
929,tshikapa,-6.724766072052432,20.45462048566938
930,padilla,23.750405681082626,-98.94610256102793
931,muriwai beach,-37.474007081510436,173.38254197666794
932,warwick,-28.018289836943843,152.2164289776074
933,camacha,33.68965631619781,-17.004292004696993
934,hay river,59.74077760676954,-115.46774135718977
935,lima,-14.874287019899313,-82.63848251616388
936,san jose,13.648171146212746,-91.12191928170614
937,otorohanga,-38.41834010988948,175.29712305611713
938,marsh harbour,28.426154808076106,-73.65833227914482
939,andevoranto,-19.418174718632102,50.82232516583031
940,sindand,32.8375677305785,62.37102579279966
941,grand-santi,4.421538692679107,-54.97794958138698
942,pimenta bueno,-11.50744862855187,-60.13352974621148
943,kozhva,65.25293801063395,55.91521864923192
944,ulaangom,48.84881203419391,92.37617102483074
945,karkaralinsk,48.91638437639591,76.75615172404639
946,lahat,-4.171574040230098,103.6620013806056
947,poronaysk,48.41955336534306,144.63922735291385
948,gushikawa,23.96268600942267,131.70667769186576
949,rosarito,27.98026863010709,-122.34592253538143
950,san vicente,-34.15836099829585,-71.38861623549093
951,mattru,6.38050331008688,-12.990666135575054
952,tiradentes,-20.964185096278158,-44.10614113539336
953,conde,-14.608597383152102,-32.93306391060074
954,hoima,1.4830918389869225,31.21490374757795
955,ejea de los caballeros,42.018960045778556,-1.065053270780055
956,ohaba lunga,45.9411999181886,22.044855086551422
957,tarakan,1.9585113698282726,116.01110878963539
958,qui nhon,14.638106860579285,110.58150690646204
959,san pablo,38.04285117502258,-122.41356384561863
960,matagami,52.256741228517114,-76.3275390523488
961,bonawon,9.055616566578777,122.60876243119418
962,saulkrasti,57.35286066785568,24.394597122082274
963,ahuimanu,26.12630142616034,-156.02195061555798
964,edd,14.215181929005666,40.693802890890225
965,bilbor,47.07095678210021,25.47929558948067
966,akonolinga,3.4208877444014263,12.140109583463015
967,sao joao da ponte,-15.923827165150072,-43.96662825302829
968,vila franca do campo,37.93212239371205,-21.42146145337159
969,johi,26.73463076615529,67.19965575237691
970,lazaro cardenas,10.367077539114518,-106.4516095023104
971,bismarck,45.84935646245199,-100.68907870090939
972,maple creek,49.99318528700269,-109.30888752198142
973,ortakoy,38.871505978418554,33.99858522731239
974,linxia,34.331145184814375,101.87689623823451
975,kaeo,-28.366345288015623,173.54563000488344
976,noshiro,41.76049052850172,137.96837384340012
977,karratha,-16.49355768055611,112.51962673477618
978,zemen,42.584992590738324,22.76676016593791
979,waverly,43.039060075255975,-91.85436261629795
980,bere,9.766335647329882,16.046948595709097
981,sudak,43.94703923737964,35.18559488113556
982,port antonio,18.19547141041228,-76.52169077895438
983,kharan,28.66670153692968,65.5525077634631
984,petropavl,54.95209770325755,69.37209006087562
985,janauba,-15.66918957570195,-43.542039656399936
986,muzhi,65.72195215505323,65.41516853467155
987,puerto colombia,13.64802478581305,-75.9439979392803
988,quelimane,-19.6472156764642,37.37973547258849
989,maloyaz,55.236840930339184,57.94329263698447
990,sorvag,61.03174917708782,-11.441654323555838
991,port hedland,-22.32740609489278,120.06317255383397
992,kudat,7.114857048928329,116.49347124950026
993,tatarsk,54.93384026413068,76.40321781952724
994,barra,-11.57944834542586,-43.34942226027812
995,bonavista,49.38665382464032,-49.65638672398535
996,mamakan,57.15327018753311,114.050489623347
997,dosso,12.854298318841586,2.889713160362021
998,forio,39.9799019890516,12.846438970830661
999,vryburg,-27.03779757126614,24.44223505139945
1000,maunabo,16.23365134302638,-65.48288307695417
1001,livermore,37.72814512770468,-121.63553463112143
1002,kazerun,30.370193145062018,51.94035249806268
1003,dinan,48.390059947532336,-2.1236997742652477
1004,tarudant,27.864182602053106,-6.2488094046315155
1005,serebryansk,49.84690931540064,83.1098198715377
1006,pacific grove,27.58791122965505,-133.17824572850256
1007,malanje,-8.613548976596533,17.157686015118088
1008,verkhnyaya inta,65.56671153212733,61.04633997129744
1009,passo de camaragibe,-9.52914779351103,-35.22446700291192
1010,dongsheng,38.5200561642381,109.54620847364896
1011,jimma,7.490541069579891,37.065793323829695
1012,porbandar,18.77042512779829,67.15322170561782
1013,southbridge,-45.122991778439996,172.95386572362304
1014,whyalla,-32.4171142563997,136.16561455607484
1015,manokwari,-0.8193421215205774,132.8863282781981
1016,kishtwar,33.37068208210714,75.67517898083904
1017,natalinsk,56.4645000636412,57.927594622384476
1018,santiago,-29.31606423228196,-54.67047286688769
1019,talcahuano,-31.284340629645122,-82.26012479132041
1020,port-cartier,51.262439160107874,-67.3099293766358
1021,valencia,10.097345826916282,-68.16844992227462
1022,kisangani,-0.6383341126742863,26.056540887905214
1023,rio gallegos,-48.697578656164126,-70.38192034525889
1024,sinegorye,62.810035076170806,150.46720109782257
1025,thinadhoo,0.5917793080705565,65.51328555641382
1026,charlottetown,46.13453147110556,-63.17251619774896
1027,alihe,51.08483773402227,123.2113816807692
1028,khorramshahr,30.503461965263554,46.664446475219876
1029,skagastrond,65.86737666886842,-20.636683906250823
1030,eureka,41.477099296423404,-136.44286757431092
1031,mahibadhoo,4.29678428341272,71.6204327407142
1032,nabire,-3.255497526257372,133.21777928710952
1033,howard springs,-12.831108742539925,131.77372561270755
1034,dudinka,74.29540343207393,86.20189973052919
1035,umm ruwabah,12.51528168462336,30.46320404880973
1036,ipixuna,-7.86969300761271,-71.58064684524588
1037,altay,48.19476082376977,87.60680759215472
1038,la paz,24.313366032065588,-110.4998127444489
1039,powell river,50.17431212381507,-124.42710712426972
1040,great yarmouth,54.621620573688915,3.052848121042416
1041,porto novo,14.206557751873106,-32.86672903231107
1042,maulvi bazar,24.57719411455095,91.97747958318263
1043,kendari,-3.897745113171027,121.91974470150927
1044,kibala,-11.59936012464371,15.279501692810754
1045,saint-pie,45.526220578945924,-72.80804776171435
1046,hanna,51.36944110424386,-111.79198463807819
1047,gatton,-27.72265940001423,152.54934741361706
1048,ucluelet,46.58510707649958,-126.89373776420709
1049,peabiru,-24.413557442916215,-52.57278094297581
1050,kuandian,41.080266524490014,124.74816068454231
1051,aripuana,-8.38533205724454,-58.939155070624764
1052,kayerkan,73.0521670959433,87.4643725309491
1053,ruston,32.02643625796709,-92.4373148233014
1054,puerto baquerizo moreno,2.8574479984189907,-88.23615522126428
1055,togur,61.51753773503802,83.55847385650617
1056,perle,49.797631010251735,5.7539722589794735
1057,santa ana arriba,8.039981702880795,-80.25884497179653
1058,huangnihe,43.806834416254475,127.81567681746992
1059,milkovo,54.29746922814482,160.25713686401969
1060,sistranda,69.55939032568756,6.3290798683677
1061,heishan,42.2283584159336,122.19549150659509
1062,medvedka,58.824477161403166,58.83627427967784
1063,ati,14.05246571322931,18.937212780960124
1064,viligili,0.9787644969401441,74.84697794814835
1065,shingu,31.312086354888294,137.45158380470065
1066,mapiri,-14.375895729706414,-68.9556219412408
1067,yingcheng,30.79748099146633,113.57210507704724
1068,fethiye,36.00998367250085,29.102296662635183
1069,sault sainte marie,46.183657588119445,-84.61355021730265
1070,soyo,-8.401158308221113,6.956334414028873
1071,voh,-25.521505254978564,160.89229381054997
1072,rio de janeiro,-23.547570389373178,-43.48877981173368
1073,oak ridge,36.25907292980213,-84.59234237052551
1074,one hundred mile house,53.33915801444735,-120.58652224937072
1075,gimli,53.37710713399656,-95.43486276485419
1076,tabulbah,35.968684305160096,12.399422403312656
1077,whitehorse,61.72139477315403,-130.63594189450873
1078,chiapa,16.786921304015237,-93.00828247775955
1079,big spring,31.71231226263147,-101.19397877905236
1080,esna,25.06194032836234,31.21785579037791
1081,byron bay,-30.138149088848564,160.44917100066942
1082,wahran,35.83426192942211,-0.21750332680946372
1083,pauini,-7.750887975008453,-65.93306956358802
1084,manacor,39.60160243371848,3.5948023675152285
1085,singojuruh,-8.10940459165515,114.13905288572528
1086,davila,20.296514580239545,119.04852194673867
1087,johnson city,36.38200956550813,-82.34336216902025
1088,alekseyevka,50.939521146959635,70.0148570816371
1089,northam,-27.815894720927396,120.35473266007511
1090,that phanom,17.16503571983023,104.56705598583835
1091,rio cuarto,-32.71697030478196,-64.7373414770914
1092,fergus falls,45.59139161897534,-96.25179300424301
1093,zhigansk,67.46086690170543,121.94742756422318
1094,honningsvag,70.33383183923095,25.843897276882785
1095,sao felix do xingu,-6.7870709770492965,-53.86669688204812
1096,pesqueira,-8.422713607271874,-36.778710441035656
1097,safwah,27.685304916650466,49.031700940053156
1098,paramonga,-12.909382881828407,-82.00220672573245
1099,malwan,16.217383698007566,71.69444359096349
1100,henties bay,-23.85672307014694,5.072059733607716
1101,rudbar,30.003722594053173,62.36114702568696
1102,labuan,5.291340787540321,115.40876467115862
1103,dawlatabad,37.14521688976198,64.2847071226148
1104,dalaba,10.462503056084287,-12.43156297262533
1105,millinocket,46.00142937618,-69.16307179813418
1106,new ulm,43.989682397795264,-94.97779095411367
1107,ulladulla,-38.704277076424326,156.13435597420266
1108,aitape,-0.9873434374368344,143.44467489059258
1109,blagoyevo,62.59937669015335,47.32015972974901
1110,bekhtery,45.80684404637094,32.0337650180291
1111,taburbah,36.852561271137645,9.846057056442362
1112,charcas,23.31489224570727,-101.56977907515864
1113,swan river,51.83189792560313,-101.02318495428136
1114,naifaru,5.275966259490758,74.5732039482435
1115,mangan,30.261972923055723,88.08808883783081
1116,sao jose da coroa grande,-10.877254628488004,-29.854292311967242
1117,baglan,35.66499777669664,68.69544605707051
1118,hadimkoy,41.138441485587094,28.583177482691383
1119,bentiu,9.84269930641382,29.910956517233643
1120,ijaki,-2.960915184007604,175.55645174029593
1121,jilib,0.9127647091936524,43.338796482756464
1122,tecoanapa,14.680556114147578,-99.5157774918923
1123,kargasok,61.8320869963037,81.03503606072309
1124,petropavlovsk-kamchatskiy,47.417205462418536,163.4667038199209
1125,daru,-12.673732156560874,144.29010116352202
1126,general elizardo aquino,-24.386543104026302,-56.71186312504929
1127,galle,2.615767928219043,77.88059555408768
1128,west lake stevens,48.052112777503254,-121.90461551573232
1129,batemans bay,-41.35892907944666,154.08850023486912
1130,westport,56.35608080328544,-13.636487688115778
1131,bakchar,56.63119634128631,81.62094184094707
1132,semey,49.88584612690536,80.43151954612551
1133,kapit,1.707782947350509,113.4712067386692
1134,akyab,16.994395649327117,90.97975267545672
1135,alanya,36.183359858171215,31.726855168026844
1136,oksfjord,71.89553021094622,21.505130936763635
1137,kuminskiy,58.24155693650127,66.72019536695558
1138,canon city,38.10448975738814,-105.64900815705244
1139,lolua,-5.44381671600074,175.24272964867163
1140,pontes e lacerda,-15.427511757196825,-58.783429897661236
1141,ios,36.80731672177531,25.435760702928405
1142,samalaeulu,-3.3993528280177117,-167.08823121664025
1143,matadi,-6.817058673215328,13.354599829246894
1144,moose factory,50.579742346071555,-79.09752519188797
1145,zaltan,33.62663911815223,11.953506023044582
1146,fort saint john,56.73652825357976,-121.78910021558141
1147,erenhot,42.84132192357586,109.58265152325896
1148,chernyshevskiy,64.20170477779342,112.07853775794092
1149,shushtar,32.06675207426335,48.820139047294646
1150,wattegama,3.091499604869554,87.54599904706515
1151,ambodifototra,-17.654039657437806,51.13086060689395
1152,hidrolandia,-4.3263393238645165,-40.43149047798772
1153,saint-joseph,-32.39499408414163,55.97909528282477
1154,coos bay,42.18058017556609,-126.34357878045913
1155,tucumcari,34.6000926484527,-104.1990720456957
1156,nishihara,23.94054668729315,130.2460434615386
1157,fare,-9.01917693868603,-147.51596777068397
1158,port moresby,-12.876789608278557,146.6789134837844
1159,zuwarah,34.49686393978584,12.600469130891213
1160,vitoria da conquista,-15.110079785337703,-40.90636354690457
1161,tahe,52.502937207646085,124.1206099291033
1162,kununurra,-14.307218648910819,126.77294964035536
1163,cuajinicuilapa,16.04456145449427,-98.34717081030591
1164,anshun,25.668976137375935,105.47905560232994
1165,govindgarh,27.42816884519813,76.91192114354317
1166,tadine,-22.729841882060924,169.6828545180532
1167,ozinki,50.772342673236466,49.51308237705575
1168,dekoa,6.906266598815705,19.119529989432664
1169,posse,-14.533451790423541,-45.39938750958291
1170,zaozerne,44.742655016265985,32.58779476529668
1171,timra,63.508676610375176,17.10784175023096
1172,tuensang,26.3064875160823,94.88177255263389
1173,ghanzi,-22.14522440607321,21.406124972065896
1174,jumla,33.70224953533082,83.5451084294055
1175,juxtlahuaca,17.64188868548746,-98.0474617113394
1176,zadonsk,52.27323688003705,38.934295630660074
1177,alappuzha,9.5612089246099,76.23222703805084
1178,kaduqli,10.903804817554786,30.01173033701164
1179,arman,55.99760612792858,147.4756011460957
1180,praya,-14.182126358427851,115.52984751487071
1181,muravlenko,63.5864044351807,74.12367676278191
1182,yuncheng,35.47613830836518,110.64990598093391
1183,yanam,13.05787401718419,85.87898777167146
1184,rohri,27.526748592632117,69.07343093785323
1185,tornio,65.73270840751067,23.698056652416966
1186,bowen,-18.53962183496911,150.13219349544573
1187,kabelvag,67.9249702303232,14.527217746801028
1188,saquena,-4.985247181632161,-71.99258298797047
1189,pingliang,35.861919841205804,107.51303288477664
1190,juifang,25.31859493371023,121.88727271600442
1191,chinhoyi,-17.00460899378494,30.29109819503043
1192,lumeje,-12.292732480638321,21.279054139302076
1193,agadir,30.423571090441158,-10.054790039523112
1194,muli,2.690829052091374,73.83110556402391
1195,mount isa,-23.095070258089493,138.37421037479226
1196,almaznyy,61.56221024329321,113.94671211832389
1197,manama,26.92222263972893,51.13752510353689
1198,kantunilkin,22.11752109287626,-87.5005721865428
1199,khilok,51.77606121572944,111.07962730191957
1200,redlands,39.22701650706699,-109.33802853061705
1201,constanza,18.86057912956774,-70.59784142638772
1202,ak-dovurak,51.30479685434693,90.61330014699718
1203,altamira,-3.25384097413,-51.54542952333253
1204,santa maria,20.218895162687858,-22.26631100853251
1205,udarnyy,49.254967070898886,142.37334014730612
1206,maloy,62.88491146204208,2.12905022618574
1207,pudozh,61.52765287151436,37.41229178766116
1208,shelburne,41.19694282827271,-64.01390785806346
1209,guisa,20.22910179086375,-76.45889833221543
1210,yaqui,26.86081420216364,-110.41119274345134
1211,geresk,31.0021941540018,64.17994015822586
1212,angra,37.62013499361805,-27.337391946424276
1213,paraiso,19.122251756879493,-93.22503914080139
1214,rantepao,-2.266351012117383,119.65653094848096
1215,ubatuba,-23.634647835996603,-44.94170006818652
1216,dong hoi,18.75062138728393,108.09109522404611
1217,saint-michel-des-saints,46.76775416678046,-73.80264260540001
1218,kerema,-7.179575141695224,145.19996212423843
1219,gua musang,4.610181088765984,101.81340392844447
1220,lindi,-9.33846742562551,40.20558972775794
1221,rivadavia,-33.47252609228529,-68.20312027805673
1222,kuantan,4.042703231924477,103.25114752511246
