City_ID,City,Country,Date,Lat,Lng,Weather,Min Temp,Max Temp,Humidity,Cloudiness,Wind Speed,Rain,Snow
0,Dauriya,RU,2020-02-23 22:11:41,49.93,116.87,clear sky,2.5,2.5,90,0,2.46,0.0,0.0
1,Rikitea,PF,2020-02-23 22:11:41,-23.12,-134.97,clear sky,79.2,79.2,70,0,6.13,0.0,0.0
2,Mataura,NZ,2020-02-23 22:11:41,-46.19,168.86,broken clouds,56.46,56.46,76,77,2.1,0.0,0.0
3,Bluff,NZ,2020-02-23 22:11:41,-46.6,168.33,broken clouds,55.44,55.44,75,66,5.08,0.0,0.0
4,Ville-Marie,CA,2020-02-23 22:11:41,47.33,-79.43,scattered clouds,37.4,37.4,69,40,11.41,0.0,0.0
5,Cape Town,ZA,2020-02-23 22:08:42,-33.93,18.42,clear sky,64.0,66.99,59,0,18.34,0.0,0.0
6,Avarua,CK,2020-02-23 22:11:42,-21.21,-159.78,moderate rain,80.6,80.6,94,100,3.36,0.15748031496062992,0.0
7,Butaritari,KI,2020-02-23 22:11:42,3.07,172.79,moderate rain,84.88,84.88,77,76,12.91,0.2362204724409449,0.0
8,Yenagoa,NG,2020-02-23 22:11:42,4.92,6.26,overcast clouds,82.53,82.53,77,100,5.57,0.0,0.0
9,Faanui,PF,2020-02-23 22:11:42,-16.48,-151.75,broken clouds,82.76,82.76,72,55,11.88,0.0,0.0
10,Belmonte,BR,2020-02-23 22:09:00,-15.86,-38.88,shower rain,78.8,78.8,83,75,8.05,0.0,0.0
11,Provideniya,RU,2020-02-23 22:11:43,64.38,-173.3,clear sky,-6.63,-6.63,70,0,2.08,0.0,0.0
12,Punta Arenas,CL,2020-02-23 22:11:43,-53.15,-70.92,broken clouds,55.4,55.4,62,75,31.09,0.0,0.0
13,Hit,IQ,2020-02-23 22:11:43,33.64,42.83,overcast clouds,60.84,60.84,52,100,7.81,0.0,0.0
14,Bayan,CN,2020-02-23 22:11:43,46.08,127.4,scattered clouds,9.12,9.12,94,39,10.36,0.0,0.0
15,Jackson,US,2020-02-23 22:08:06,42.42,-122.83,broken clouds,55.0,57.99,54,75,4.7,0.0,0.0
16,Boa Vista,BR,2020-02-23 22:11:44,2.82,-60.67,scattered clouds,89.6,89.6,49,40,11.41,0.0,0.0
17,Busselton,AU,2020-02-23 22:09:33,-33.65,115.33,broken clouds,64.99,68.0,48,72,14.25,0.0,0.0
18,Hobart,AU,2020-02-23 22:07:19,-42.88,147.33,broken clouds,54.0,60.01,72,75,3.36,0.0,0.0
19,Souillac,MU,2020-02-23 22:11:44,-20.52,57.52,few clouds,75.0,75.2,88,20,2.24,0.0,0.0
20,Ahipara,NZ,2020-02-23 22:11:44,-35.17,173.17,clear sky,67.82,67.82,70,0,17.25,0.0,0.0
21,Dingle,PH,2020-02-23 22:08:22,11.0,122.67,light rain,72.07,72.07,92,58,11.05,0.012204724409448819,0.0
22,Port Elizabeth,ZA,2020-02-23 22:11:45,-33.92,25.57,clear sky,55.4,55.4,82,0,1.12,0.0,0.0
23,Lorengau,PG,2020-02-23 22:11:45,-2.02,147.27,broken clouds,83.32,83.32,71,72,5.12,0.0,0.0
24,Sawtell,AU,2020-02-23 22:11:45,-30.38,153.1,drizzle,66.99,68.0,94,75,8.05,0.0,0.0
25,Dunedin,NZ,2020-02-23 22:11:45,-45.87,170.5,scattered clouds,56.26,56.26,78,46,3.38,0.0,0.0
26,Hermanus,ZA,2020-02-23 22:11:46,-34.42,19.23,clear sky,63.0,66.99,74,0,10.0,0.0,0.0
27,Clearwater,US,2020-02-23 22:10:37,27.97,-82.8,clear sky,69.01,77.0,56,1,6.93,0.0,0.0
28,Aklavik,CA,2020-02-23 22:07:31,68.22,-135.01,light snow,-4.0,-4.0,70,75,5.82,0.0,0.0
29,Vaini,TO,2020-02-23 22:11:46,-21.2,-175.2,scattered clouds,80.6,80.6,88,40,9.17,0.0,0.0
30,Albany,US,2020-02-23 22:11:46,42.6,-73.97,clear sky,39.99,51.8,34,1,5.82,0.0,0.0
31,Ushuaia,AR,2020-02-23 22:11:47,-54.8,-68.3,overcast clouds,46.4,46.4,87,90,23.04,0.0,0.0
32,San Policarpo,PH,2020-02-23 22:11:47,12.18,125.51,light rain,78.6,78.6,86,6,15.23,0.02716535433070866,0.0
33,Tasiilaq,GL,2020-02-23 22:11:47,65.61,-37.64,broken clouds,12.2,12.2,61,60,14.99,0.0,0.0
34,Adrar,MR,2020-02-23 22:07:09,20.5,-10.07,overcast clouds,85.57,85.57,9,100,9.98,0.0,0.0
35,Katsuura,JP,2020-02-23 22:11:47,35.13,140.3,few clouds,34.0,42.8,45,20,9.17,0.0,0.0
36,Waddan,LY,2020-02-23 22:11:48,29.16,16.14,clear sky,52.07,52.07,64,0,5.08,0.0,0.0
37,Dobryanka,RU,2020-02-23 22:11:48,58.46,56.42,light snow,30.2,30.2,68,40,13.42,0.0,0.0
38,Pevek,RU,2020-02-23 22:08:08,69.7,170.31,overcast clouds,-13.94,-13.94,99,100,5.64,0.0,0.0
39,Chala,TZ,2020-02-23 22:11:48,-7.58,31.27,scattered clouds,64.4,64.4,93,40,3.49,0.0,0.0
40,Rostock,DE,2020-02-23 22:11:48,54.09,12.14,scattered clouds,37.4,39.99,86,40,16.11,0.0,0.0
41,Sheboygan,US,2020-02-23 22:11:49,43.73,-87.93,clear sky,44.6,48.99,52,1,13.87,0.0,0.0
42,Cabo San Lucas,MX,2020-02-23 22:10:02,22.89,-109.91,few clouds,73.0,82.0,44,20,11.41,0.0,0.0
43,Ilulissat,GL,2020-02-23 22:06:50,69.22,-51.1,clear sky,-2.2,-2.2,58,0,6.93,0.0,0.0
44,Nuevo Progreso,MX,2020-02-23 22:11:49,23.17,-97.95,broken clouds,75.0,81.0,69,80,10.0,0.0,0.0
45,Torbay,CA,2020-02-23 22:11:49,47.67,-52.73,few clouds,28.0,32.0,81,20,13.87,0.0,0.0
46,Lopukhiv,UA,2020-02-23 22:11:50,48.37,23.96,snow,33.03,33.03,98,100,16.2,0.0,0.35433070866141736
47,San Jose,US,2020-02-23 22:07:24,37.34,-121.89,broken clouds,54.0,64.0,58,75,4.7,0.0,0.0
48,Yellowknife,CA,2020-02-23 22:11:50,62.46,-114.35,few clouds,-5.8,-2.0,63,20,6.93,0.0,0.0
49,Kapaa,US,2020-02-23 22:11:50,22.08,-159.32,clear sky,77.0,79.0,69,1,8.05,0.0,0.0
50,Bredasdorp,ZA,2020-02-23 22:11:50,-34.53,20.04,clear sky,60.8,63.0,67,0,4.7,0.0,0.0
51,Sechura,PE,2020-02-23 22:11:51,-5.56,-80.82,clear sky,74.28,74.28,84,2,15.14,0.0,0.0
52,Auki,SB,2020-02-23 22:11:51,-8.77,160.7,light rain,83.01,83.01,76,0,7.14,0.04921259842519685,0.0
53,Tiksi,RU,2020-02-23 22:11:51,71.69,128.87,overcast clouds,-8.19,-8.19,87,100,7.85,0.0,0.0
54,Codrington,AU,2020-02-23 22:11:51,-38.27,141.97,overcast clouds,62.26,62.26,89,97,10.07,0.0,0.0
55,San Rafael,AR,2020-02-23 22:11:51,-34.62,-68.33,clear sky,86.81,86.81,19,0,17.05,0.0,0.0
56,Norman Wells,CA,2020-02-23 22:11:52,65.28,-126.83,broken clouds,5.0,5.0,71,75,10.29,0.0,0.0
57,Upernavik,GL,2020-02-23 22:11:52,72.79,-56.15,clear sky,-17.82,-17.82,81,0,7.31,0.0,0.0
58,Saint-Philippe,RE,2020-02-23 22:11:52,-21.36,55.77,clear sky,63.0,75.2,73,0,6.93,0.0,0.0
59,Castro,BR,2020-02-23 22:11:52,-24.79,-50.01,overcast clouds,67.93,67.93,78,90,2.66,0.0,0.0
60,Hilo,US,2020-02-23 22:06:57,19.73,-155.09,broken clouds,75.0,78.8,61,75,12.75,0.0,0.0
61,Viedma,AR,2020-02-23 22:11:53,-40.81,-63.0,clear sky,90.43,90.43,22,0,19.86,0.0,0.0
62,Vila Franca do Campo,PT,2020-02-23 22:08:07,37.72,-25.43,few clouds,57.2,57.2,82,20,3.36,0.0,0.0
63,Sattenapalle,IN,2020-02-23 22:11:53,16.4,80.18,scattered clouds,68.56,68.56,94,50,4.97,0.0,0.0
64,Vardo,NO,2020-02-23 22:11:53,70.37,31.11,broken clouds,24.8,26.6,92,75,12.75,0.0,0.0
65,Tazovsky,RU,2020-02-23 22:11:53,67.47,78.7,light snow,26.74,26.74,91,100,17.36,0.0,0.007480314960629922
66,Ust-Kuyga,RU,2020-02-23 22:11:53,70.02,135.6,broken clouds,-18.0,-18.0,100,78,5.21,0.0,0.0
67,Nantucket,US,2020-02-23 22:11:07,41.28,-70.1,clear sky,39.99,44.6,48,1,17.22,0.0,0.0
68,Jamestown,US,2020-02-23 22:11:41,42.1,-79.24,clear sky,45.0,48.0,26,1,16.11,0.0,0.0
69,Atuona,PF,2020-02-23 22:11:54,-9.8,-139.03,clear sky,81.61,81.61,76,8,13.73,0.0,0.0
70,Kruisfontein,ZA,2020-02-23 22:11:54,-34.0,24.73,clear sky,56.48,56.48,78,0,4.38,0.0,0.0
71,Wielun,PL,2020-02-23 22:11:55,51.22,18.57,moderate rain,42.01,42.01,91,100,4.0,0.12322834645669292,0.0
72,Shama,CN,2020-02-23 22:11:55,33.61,104.29,clear sky,31.35,31.35,72,0,1.59,0.0,0.0
73,Salinopolis,BR,2020-02-23 22:11:55,-0.61,-47.36,few clouds,81.88,81.88,83,16,12.8,0.0,0.0
74,Natal,BR,2020-02-23 22:08:29,-5.79,-35.21,few clouds,82.4,82.4,78,20,12.75,0.0,0.0
75,Constitucion,CL,2020-02-23 22:11:55,-35.33,-72.42,broken clouds,61.25,61.25,82,67,6.71,0.0,0.0
76,Kahului,US,2020-02-23 22:09:48,20.89,-156.47,scattered clouds,73.4,80.6,61,40,9.17,0.0,0.0
77,Merrill,US,2020-02-23 22:11:56,45.18,-89.68,clear sky,42.8,46.4,45,1,13.87,0.0,0.0
78,Dikson,RU,2020-02-23 22:11:56,73.51,80.55,light snow,28.47,28.47,92,100,27.6,0.0,0.00984251968503937
79,Morondava,MG,2020-02-23 22:11:56,-20.28,44.28,overcast clouds,76.14,76.14,91,100,2.3,0.0,0.0
80,Manyana,BW,2020-02-23 22:11:56,-23.4,21.72,overcast clouds,70.3,70.3,72,100,8.01,0.0,0.0
81,San Luis,AR,2020-02-23 22:11:57,-33.3,-66.34,clear sky,85.14,85.14,30,0,16.6,0.0,0.0
82,Tura,IN,2020-02-23 22:11:57,25.52,90.22,scattered clouds,66.15,66.15,51,33,2.24,0.0,0.0
83,Ancud,CL,2020-02-23 22:11:57,-41.87,-73.82,light rain,59.0,59.0,58,69,14.99,0.014960629921259844,0.0
84,Dalby,AU,2020-02-23 22:11:57,-27.18,151.27,light rain,68.0,70.0,94,90,11.41,0.0,0.0
85,Saint George,US,2020-02-23 22:11:57,37.1,-113.58,clear sky,53.6,57.2,50,1,8.05,0.0,0.0
86,Clyde River,CA,2020-02-23 22:11:57,70.47,-68.59,broken clouds,-20.2,-20.2,75,75,12.75,0.0,0.0
87,Sumbe,AO,2020-02-23 22:11:58,-11.21,13.84,overcast clouds,79.92,79.92,79,100,4.16,0.0,0.0
88,New Norfolk,AU,2020-02-23 22:11:58,-42.78,147.06,broken clouds,54.0,60.01,72,75,3.36,0.0,0.0
89,Puerto Ayora,EC,2020-02-23 22:11:58,-0.74,-90.35,broken clouds,81.0,84.2,74,75,10.29,0.0,0.0
90,Ondjiva,AO,2020-02-23 22:11:58,-17.07,15.73,overcast clouds,74.59,74.59,56,97,4.43,0.0,0.0
91,Pangnirtung,CA,2020-02-23 22:11:59,66.15,-65.71,broken clouds,-29.2,-29.2,60,75,1.79,0.0,0.0
92,Charkhi Dadri,IN,2020-02-23 22:11:59,28.6,76.27,clear sky,58.86,58.86,70,0,3.06,0.0,0.0
93,Harper,LR,2020-02-23 22:08:10,4.38,-7.72,overcast clouds,78.84,78.84,91,96,5.3,0.0,0.0
94,Naze,JP,2020-02-23 22:11:59,28.37,129.48,few clouds,48.2,50.0,87,20,2.24,0.0,0.0
95,Ascension,US,2020-02-23 22:11:59,30.22,-90.9,overcast clouds,64.4,71.01,56,90,6.93,0.0,0.0
96,Puerto Escondido,MX,2020-02-23 22:11:59,15.85,-97.07,few clouds,87.8,87.8,79,20,5.82,0.0,0.0
97,Petropavlovsk-Kamchatsky,RU,2020-02-23 22:07:49,53.05,158.65,scattered clouds,21.2,21.2,57,40,11.18,0.0,0.0
98,Ugoofaaru,MV,2020-02-23 22:12:00,5.67,73.0,scattered clouds,82.94,82.94,76,25,20.22,0.0,0.0
99,Hukuntsi,BW,2020-02-23 22:12:00,-24.0,21.75,overcast clouds,71.92,71.92,66,100,3.74,0.0,0.0
100,Broken Hill,AU,2020-02-23 22:12:00,-31.95,141.43,scattered clouds,69.8,69.8,64,44,6.93,0.0,0.0
101,Chicama,PE,2020-02-23 22:12:00,-7.84,-79.15,mist,75.2,75.2,83,75,6.93,0.0,0.0
102,Wenling,CN,2020-02-23 22:12:01,28.37,121.36,scattered clouds,45.0,48.99,90,33,4.25,0.0,0.0
103,Barcelos,PT,2020-02-23 22:11:34,41.54,-8.62,fog,48.2,59.0,100,20,4.7,0.0,0.0
104,Syracuse,IT,2020-02-23 22:10:00,37.09,15.28,broken clouds,44.6,50.0,87,68,3.36,0.0,0.0
105,Longyearbyen,SJ,2020-02-23 22:12:02,78.22,15.64,few clouds,-4.0,-4.0,70,20,8.05,0.0,0.0
106,Aquiraz,BR,2020-02-23 22:10:20,-3.9,-38.39,overcast clouds,75.99,82.4,78,100,6.93,0.0,0.0
107,Severo-Kuril'sk,RU,2020-02-23 22:12:02,50.68,156.12,snow,24.21,24.21,95,100,35.48,0.0,0.10826771653543307
108,Tuktoyaktuk,CA,2020-02-23 22:10:00,69.45,-133.04,light snow,-5.8,-5.8,70,75,13.87,0.0,0.0
109,Emilio Carranza,MX,2020-02-23 22:12:03,19.97,-96.61,clear sky,73.72,73.72,83,0,26.26,0.0,0.0
110,Wrexham,GB,2020-02-23 22:12:03,53.0,-3.0,few clouds,37.0,42.8,81,20,5.82,0.0,0.0
111,Mar del Plata,AR,2020-02-23 22:11:55,-38.0,-57.56,few clouds,71.01,78.01,50,20,11.41,0.0,0.0
112,Sao Jose da Coroa Grande,BR,2020-02-23 22:12:03,-8.9,-35.15,clear sky,82.38,82.38,77,3,14.03,0.0,0.0
113,Port Alfred,ZA,2020-02-23 22:07:21,-33.59,26.89,scattered clouds,60.01,60.01,82,50,2.01,0.0,0.0
114,Benemerito de las Americas,MX,2020-02-23 22:12:04,16.52,-90.64,broken clouds,82.44,82.44,55,54,2.8,0.0,0.0
115,San Quintin,MX,2020-02-23 22:12:04,30.48,-115.95,clear sky,60.78,60.78,70,0,20.98,0.0,0.0
116,Carnarvon,AU,2020-02-23 22:12:05,-24.87,113.63,clear sky,69.8,69.8,88,0,4.7,0.0,0.0
117,Xingyi,CN,2020-02-23 22:12:05,24.19,102.82,broken clouds,50.31,50.31,97,52,3.87,0.0,0.0
118,Vilhena,BR,2020-02-23 22:12:05,-12.74,-60.15,broken clouds,77.0,77.0,83,75,11.41,0.0,0.0
119,Mahebourg,MU,2020-02-23 22:09:20,-20.41,57.7,scattered clouds,75.0,77.0,88,40,4.7,0.0,0.0
120,Arraial do Cabo,BR,2020-02-23 22:12:06,-22.97,-42.03,broken clouds,77.0,77.0,65,75,4.7,0.0,0.0
121,Deputatsky,RU,2020-02-23 22:12:06,69.3,139.9,clear sky,-21.6,-21.6,96,0,3.11,0.0,0.0
122,Makakilo City,US,2020-02-23 22:12:06,21.35,-158.09,broken clouds,73.4,80.6,78,75,8.05,0.0,0.0
123,Ziebice,PL,2020-02-23 22:12:07,50.6,17.04,broken clouds,39.0,46.99,81,75,31.09,0.0,0.0
124,Karratha,AU,2020-02-23 22:12:28,-20.74,116.85,few clouds,81.48,81.48,74,11,16.73,0.0,0.0
125,Khatanga,RU,2020-02-23 22:12:28,71.97,102.5,light snow,14.29,14.29,91,96,15.57,0.0,0.00984251968503937
126,Stornoway,GB,2020-02-23 22:12:28,58.21,-6.39,scattered clouds,35.6,37.0,75,40,8.05,0.0,0.0
127,Mareeba,AU,2020-02-23 22:12:28,-17.0,145.43,light rain,72.0,79.0,94,90,2.24,0.0,0.0
128,Tezu,IN,2020-02-23 22:12:29,27.92,96.17,clear sky,60.64,60.64,47,0,2.8,0.0,0.0
129,Praia,CV,2020-02-23 22:12:29,14.92,-23.51,few clouds,69.8,69.8,73,20,13.87,0.0,0.0
130,Hong Kong,HK,2020-02-23 22:12:29,22.29,114.16,few clouds,62.01,66.99,72,20,23.04,0.0,0.0
131,Esperance,AU,2020-02-23 22:12:29,-33.87,121.9,overcast clouds,64.4,64.4,88,90,12.75,0.0,0.0
132,Qaanaaq,GL,2020-02-23 22:12:29,77.48,-69.36,clear sky,-19.41,-19.41,68,0,7.14,0.0,0.0
133,Labuhan,ID,2020-02-23 22:11:06,-6.88,112.21,clear sky,74.53,74.53,94,0,3.24,0.0,0.0
134,Saskylakh,RU,2020-02-23 22:12:05,71.92,114.08,overcast clouds,5.74,5.74,91,100,8.63,0.0,0.0
135,Santa Maria,BR,2020-02-23 22:12:30,-29.68,-53.81,clear sky,78.8,78.8,47,0,10.29,0.0,0.0
136,Springbok,ZA,2020-02-23 22:12:30,-29.66,17.89,clear sky,74.26,74.26,20,0,13.13,0.0,0.0
137,Japura,ID,2020-02-23 22:12:30,-0.32,102.35,clear sky,72.21,72.21,98,4,2.24,0.0,0.0
138,Mugur-Aksy,RU,2020-02-23 22:12:31,50.35,90.5,light snow,5.58,5.58,96,100,3.51,0.0,0.012204724409448819
139,Gondanglegi,ID,2020-02-23 22:12:31,-7.75,112.01,scattered clouds,73.22,73.22,95,50,3.06,0.0,0.0
140,Anadyr,RU,2020-02-23 22:12:04,64.75,177.48,clear sky,-20.2,-20.0,75,0,2.24,0.0,0.0
141,Hithadhoo,MV,2020-02-23 22:09:19,-0.6,73.08,overcast clouds,83.41,83.41,76,92,13.69,0.0,0.0
142,Talnakh,RU,2020-02-23 22:12:31,69.49,88.4,shower snow,15.8,15.8,92,75,29.08,0.0,0.0
143,Walvis Bay,NA,2020-02-23 22:11:18,-22.96,14.51,clear sky,62.6,64.0,88,10,6.93,0.0,0.0
144,Ciudad Bolivar,VE,2020-02-23 22:12:32,8.12,-63.55,overcast clouds,95.49,95.49,33,100,8.61,0.0,0.0
145,Coracora,PE,2020-02-23 22:12:32,-15.03,-73.78,light rain,50.72,50.72,94,98,8.46,0.041732283464566935,0.0
146,Moron,AR,2020-02-23 22:12:32,-34.65,-58.62,clear sky,75.0,80.01,41,0,10.29,0.0,0.0
147,Orocue,CO,2020-02-23 22:12:32,4.79,-71.34,broken clouds,96.03,96.03,33,75,8.93,0.0,0.0
148,Ribeira Grande,PT,2020-02-23 22:08:21,38.52,-28.7,broken clouds,60.8,60.8,72,75,6.93,0.0,0.0
149,Wad Medani,SD,2020-02-23 22:12:33,14.4,33.52,clear sky,75.36,75.36,14,0,12.88,0.0,0.0
150,Cimislia,MD,2020-02-23 22:12:33,46.52,28.78,light rain,46.0,48.2,57,90,4.7,0.0,0.0
151,Cayenne,GF,2020-02-23 22:07:47,4.93,-52.33,overcast clouds,80.6,80.6,78,90,9.17,0.0,0.0
152,Thompson,CA,2020-02-23 22:12:33,55.74,-97.86,overcast clouds,17.6,17.6,67,90,6.93,0.0,0.0
153,Riyadh,SA,2020-02-23 22:12:30,24.69,46.72,overcast clouds,69.8,69.8,60,100,3.36,0.0,0.0
154,Vostok,RU,2020-02-23 22:12:33,46.49,135.88,overcast clouds,5.68,5.68,92,100,3.89,0.0,0.0
155,General Roca,AR,2020-02-23 22:12:34,-39.03,-67.58,scattered clouds,89.6,89.6,22,40,6.93,0.0,0.0
156,Bambous Virieux,MU,2020-02-23 22:12:34,-20.34,57.76,few clouds,75.0,75.2,88,20,2.24,0.0,0.0
157,Aguachica,CO,2020-02-23 22:09:56,8.31,-73.62,overcast clouds,81.79,81.79,50,100,3.71,0.0,0.0
158,Grand Gaube,MU,2020-02-23 22:12:34,-20.01,57.66,few clouds,75.0,75.2,88,20,2.24,0.0,0.0
159,Cherskiy,RU,2020-02-23 22:12:34,68.75,161.3,scattered clouds,-27.56,-27.56,89,48,6.17,0.0,0.0
160,Williams Lake,CA,2020-02-23 22:11:34,52.14,-122.14,light snow,28.4,28.4,79,90,6.93,0.0,0.0
161,Andenes,NO,2020-02-23 22:12:35,69.31,16.12,light rain,30.99,33.8,96,75,35.57,0.0,0.0
162,Florence,IT,2020-02-23 22:12:35,43.77,11.25,scattered clouds,45.0,54.0,87,40,2.24,0.0,0.0
163,Akureyri,IS,2020-02-23 22:10:36,65.68,-18.09,scattered clouds,16.0,16.0,86,33,10.92,0.0,0.0
164,Chernyshevskiy,RU,2020-02-23 22:12:35,63.01,112.47,overcast clouds,6.31,6.31,95,100,8.23,0.0,0.0
165,Knysna,ZA,2020-02-23 22:12:35,-34.04,23.05,scattered clouds,57.2,57.2,82,41,8.05,0.0,0.0
166,Saldanha,ZA,2020-02-23 22:12:36,-33.01,17.94,clear sky,69.8,69.8,46,0,6.93,0.0,0.0
167,Bethel,US,2020-02-23 22:12:36,41.37,-73.41,clear sky,45.0,53.6,21,1,8.05,0.0,0.0
168,Alice Springs,AU,2020-02-23 22:12:36,-23.7,133.88,overcast clouds,68.0,68.0,42,99,5.82,0.0,0.0
169,Los Llanos de Aridane,ES,2020-02-23 22:12:37,28.66,-17.92,haze,71.01,71.6,64,90,5.82,0.0,0.0
170,Mahajanga,MG,2020-02-23 22:12:37,-15.72,46.32,few clouds,77.0,77.0,94,20,3.36,0.0,0.0
171,Muros,ES,2020-02-23 22:12:37,42.78,-9.06,mist,43.0,57.0,100,0,1.12,0.0,0.0
172,Kasongo,CD,2020-02-23 22:12:37,-4.45,26.67,light rain,73.69,73.69,96,100,1.86,0.09094488188976378,0.0
173,Pingliang,CN,2020-02-23 22:12:37,35.54,106.69,overcast clouds,35.89,35.89,85,85,5.7,0.0,0.0
174,Lebu,CL,2020-02-23 22:12:37,-37.62,-73.65,clear sky,63.63,63.63,63,0,9.86,0.0,0.0
175,East London,ZA,2020-02-23 22:09:40,-33.02,27.91,broken clouds,66.15,66.15,60,73,4.21,0.0,0.0
176,Katangli,RU,2020-02-23 22:12:38,51.71,143.23,broken clouds,-4.4,-4.4,97,59,5.3,0.0,0.0
177,Kodinsk,RU,2020-02-23 22:12:38,58.69,99.18,overcast clouds,10.22,10.22,96,92,3.98,0.0,0.0
178,Novoagansk,RU,2020-02-23 22:12:38,61.94,76.66,light snow,24.24,24.24,94,100,13.76,0.0,0.007480314960629922
179,Belyy Yar,RU,2020-02-23 22:12:38,53.6,91.39,overcast clouds,8.6,8.6,84,100,2.24,0.0,0.0
180,Aldan,RU,2020-02-23 22:12:38,58.6,125.39,light snow,8.1,8.1,96,100,3.98,0.0,0.029527559055118113
181,Trofors,NO,2020-02-23 22:12:39,65.53,13.41,scattered clouds,32.0,35.6,92,40,9.17,0.0,0.0
182,Barrow,US,2020-02-23 22:12:39,71.29,-156.79,clear sky,-23.8,-23.8,67,1,13.87,0.0,0.0
183,Jalu,LY,2020-02-23 22:12:39,29.03,21.55,overcast clouds,56.89,56.89,40,87,13.44,0.0,0.0
184,Annaberg-Buchholz,DE,2020-02-23 22:12:39,50.58,13.01,moderate rain,36.0,46.4,61,100,26.4,0.1893700787401575,0.0
185,Zaraza,VE,2020-02-23 22:12:39,9.35,-65.32,scattered clouds,91.26,91.26,38,30,12.73,0.0,0.0
186,San Miguel de Tucuman,AR,2020-02-23 22:09:03,-26.82,-65.22,broken clouds,77.0,77.0,57,75,9.17,0.0,0.0
187,Annapolis,US,2020-02-23 22:12:40,38.98,-76.49,clear sky,48.99,57.99,20,1,10.29,0.0,0.0
188,Nanortalik,GL,2020-02-23 22:12:40,60.14,-45.24,light snow,27.72,27.72,79,100,1.72,0.0,0.03700787401574803
189,Nikolskoye,RU,2020-02-23 22:12:40,59.7,30.79,light intensity shower rain,35.6,36.0,94,90,6.71,0.0,0.0
190,Kavieng,PG,2020-02-23 22:12:41,-2.57,150.8,clear sky,84.29,84.29,69,2,8.01,0.0,0.0
191,Micheweni,TZ,2020-02-23 22:12:41,-4.97,39.83,overcast clouds,84.06,84.06,80,100,15.59,0.0,0.0
192,Half Moon Bay,US,2020-02-23 22:12:41,37.46,-122.43,broken clouds,54.0,64.99,71,75,21.92,0.0,0.0
193,Mount Gambier,AU,2020-02-23 22:12:41,-37.83,140.77,overcast clouds,57.2,57.2,100,90,8.05,0.0,0.0
194,La Rioja,ES,2020-02-23 22:12:42,42.25,-2.5,clear sky,45.0,46.4,81,0,1.12,0.0,0.0
195,George Town,MY,2020-02-23 22:10:01,5.41,100.34,few clouds,77.0,78.8,74,20,6.93,0.0,0.0
196,Lukow,PL,2020-02-23 22:12:42,51.93,22.38,light rain,41.0,41.0,93,100,6.44,0.05669291338582677,0.0
197,Chisec,GT,2020-02-23 22:12:42,15.82,-90.28,scattered clouds,79.83,79.83,64,48,4.47,0.0,0.0
198,Villa Maria,AR,2020-02-23 22:11:21,-32.41,-63.24,clear sky,73.99,73.99,57,0,1.99,0.0,0.0
199,San Cristobal,VE,2020-02-23 22:12:42,7.77,-72.22,scattered clouds,84.2,84.2,54,40,4.7,0.0,0.0
200,Morro Bay,US,2020-02-23 22:09:19,35.37,-120.85,haze,59.0,64.99,72,1,12.75,0.0,0.0
201,Batavia,US,2020-02-23 22:12:43,41.85,-88.31,clear sky,50.0,57.2,76,1,6.93,0.0,0.0
202,Mitu,CO,2020-02-23 22:12:43,1.2,-70.17,moderate rain,80.96,80.96,89,100,0.69,0.29763779527559053,0.0
203,Chokurdakh,RU,2020-02-23 22:12:43,70.63,147.92,broken clouds,-20.96,-20.96,97,77,2.82,0.0,0.0
204,Leningradskiy,RU,2020-02-23 22:12:43,69.38,178.42,overcast clouds,-14.89,-14.89,72,100,5.88,0.0,0.0
205,Santa Cruz Cabralia,BR,2020-02-23 22:09:54,-16.28,-39.02,shower rain,78.8,78.8,83,75,8.05,0.0,0.0
206,Tuatapere,NZ,2020-02-23 22:12:44,-46.13,167.68,broken clouds,56.68,56.68,62,72,1.5,0.0,0.0
207,Aykhal,RU,2020-02-23 22:12:44,66.0,111.5,overcast clouds,6.8,6.8,92,100,6.71,0.0,0.0
208,Faya,SA,2020-02-23 22:12:44,18.39,42.45,broken clouds,59.0,62.6,51,75,8.05,0.0,0.0
209,Touros,BR,2020-02-23 22:12:44,-5.2,-35.46,few clouds,82.4,82.4,83,20,11.41,0.0,0.0
210,Kangaatsiaq,GL,2020-02-23 22:12:45,68.31,-53.46,light snow,5.4,5.4,89,100,1.23,0.0,0.005118110236220473
211,Tommot,RU,2020-02-23 22:12:45,58.96,126.29,light snow,6.87,6.87,97,100,2.39,0.0,0.014960629921259844
212,Bubaque,GW,2020-02-23 22:12:45,11.28,-15.83,clear sky,78.69,78.69,72,9,17.47,0.0,0.0
213,Sao Filipe,CV,2020-02-23 22:12:45,14.9,-24.5,few clouds,68.41,68.41,83,23,16.4,0.0,0.0
214,Korla,CN,2020-02-23 22:12:45,41.76,86.15,overcast clouds,29.5,29.5,41,100,6.44,0.0,0.0
215,Sorrento,IT,2020-02-23 22:12:46,40.63,14.37,scattered clouds,53.01,57.0,76,40,5.82,0.0,0.0
216,Isangel,VU,2020-02-23 22:12:46,-19.55,169.27,broken clouds,80.6,80.6,78,75,14.54,0.0,0.0
217,Fortuna,US,2020-02-23 22:12:46,40.6,-124.16,broken clouds,52.0,55.99,81,75,8.05,0.0,0.0
218,Markova,UA,2020-02-23 22:12:46,48.68,24.41,moderate rain,38.77,38.77,84,100,24.9,0.12322834645669292,0.0
219,Kenai,US,2020-02-23 22:12:47,60.55,-151.26,clear sky,15.8,19.4,61,1,4.7,0.0,0.0
220,Buala,SB,2020-02-23 22:12:47,-8.14,159.59,light rain,81.45,81.45,81,10,3.96,0.05669291338582677,0.0
221,Beberibe,BR,2020-02-23 22:12:08,-4.18,-38.13,overcast clouds,82.4,82.4,78,91,6.93,0.0,0.0
222,Jodiya,IN,2020-02-23 22:12:47,22.69,70.31,clear sky,68.0,68.0,56,0,4.7,0.0,0.0
223,Guerrero Negro,MX,2020-02-23 22:12:47,27.98,-114.06,overcast clouds,64.15,64.15,59,100,18.7,0.0,0.0
224,Kristiansund,NO,2020-02-23 22:12:47,63.11,7.73,light snow,33.8,35.6,74,75,33.33,0.0,0.0
225,Puerto Quijarro,BO,2020-02-23 22:12:48,-17.78,-57.77,broken clouds,71.85,71.85,80,79,1.34,0.0,0.0
226,Yulara,AU,2020-02-23 22:09:14,-25.24,130.99,clear sky,71.6,71.6,24,0,8.05,0.0,0.0
227,Berdigestyakh,RU,2020-02-23 22:12:48,62.1,126.7,light snow,-2.09,-2.09,97,99,3.53,0.0,0.005118110236220473
228,Poya,NC,2020-02-23 22:12:48,-21.35,165.15,overcast clouds,78.57,78.57,71,93,5.61,0.0,0.0
229,Nhulunbuy,AU,2020-02-23 22:12:48,-12.23,136.77,scattered clouds,84.2,84.2,79,40,13.87,0.0,0.0
230,Mildura,AU,2020-02-23 22:12:49,-34.2,142.15,scattered clouds,71.6,75.99,68,43,10.29,0.0,0.0
231,Asheboro,US,2020-02-23 22:12:49,35.71,-79.81,broken clouds,55.99,60.8,30,75,12.75,0.0,0.0
232,Srandakan,ID,2020-02-23 22:09:18,-7.94,110.25,few clouds,75.56,75.56,83,11,2.68,0.0,0.0
233,Bonthe,SL,2020-02-23 22:12:49,7.53,-12.51,few clouds,80.31,80.31,82,13,9.37,0.0,0.0
234,Biri,PH,2020-02-23 22:12:49,12.68,124.36,light rain,74.3,74.3,92,20,8.32,0.02716535433070866,0.0
235,Namwala,ZM,2020-02-23 22:12:49,-15.75,26.44,moderate rain,68.79,68.79,96,100,3.87,0.26338582677165356,0.0
236,May Pen,JM,2020-02-23 22:12:50,17.96,-77.25,broken clouds,72.0,84.2,62,75,12.75,0.0,0.0
237,Utica,US,2020-02-23 22:08:13,43.1,-75.23,clear sky,42.01,46.99,33,1,9.17,0.0,0.0
238,Gijang,KR,2020-02-23 22:10:32,35.24,129.21,clear sky,32.0,32.0,50,0,4.7,0.0,0.0
239,Antalaha,MG,2020-02-23 22:12:50,-14.9,50.28,moderate rain,79.32,79.32,89,100,10.8,0.14291338582677166,0.0
240,Mwinilunga,ZM,2020-02-23 22:12:51,-11.74,24.43,overcast clouds,63.21,63.21,96,100,3.69,0.0,0.0
241,Samarai,PG,2020-02-23 22:12:51,-10.62,150.67,light rain,78.55,78.55,89,25,3.18,0.03937007874015748,0.0
242,Ketchikan,US,2020-02-23 22:12:51,55.34,-131.65,overcast clouds,39.2,39.2,80,90,5.82,0.0,0.0
243,Borogontsy,RU,2020-02-23 22:12:06,62.67,131.17,light snow,-6.3,-6.3,99,100,2.13,0.0,0.007480314960629922
244,Acari,PE,2020-02-23 22:12:51,-15.43,-74.62,broken clouds,74.8,74.8,66,60,7.67,0.0,0.0
245,Rosita,NI,2020-02-23 22:12:51,13.93,-84.4,clear sky,84.94,84.94,48,0,6.71,0.0,0.0
246,Kurilsk,RU,2020-02-23 22:12:52,45.23,147.88,light snow,23.23,23.23,86,66,29.57,0.0,0.014960629921259844
247,Charters Towers,AU,2020-02-23 22:12:52,-20.1,146.27,overcast clouds,74.14,74.14,91,100,10.83,0.0,0.0
248,Korop,UA,2020-02-23 22:12:52,51.57,32.96,scattered clouds,33.64,33.64,84,33,7.85,0.0,0.0
249,Sola,VU,2020-02-23 22:12:52,-13.88,167.55,broken clouds,86.0,86.0,74,75,5.82,0.0,0.0
250,Kaitangata,NZ,2020-02-23 22:12:52,-46.28,169.85,overcast clouds,63.0,63.0,64,100,11.01,0.0,0.0
251,Pandharpur,IN,2020-02-23 22:12:53,17.67,75.33,clear sky,72.82,72.82,32,0,4.63,0.0,0.0
252,Jasper,US,2020-02-23 22:12:53,37.2,-94.35,overcast clouds,48.0,52.0,87,90,5.82,0.0,0.0
253,Aleksandrov Gay,RU,2020-02-23 22:12:53,50.15,48.57,overcast clouds,33.84,33.84,92,100,15.82,0.0,0.0
254,Saint Anthony,US,2020-02-23 22:11:45,45.02,-93.22,clear sky,39.2,45.0,48,1,10.29,0.0,0.0
255,Plettenberg Bay,ZA,2020-02-23 22:12:53,-34.05,23.37,few clouds,61.75,61.75,76,12,5.93,0.0,0.0
256,Zigong,CN,2020-02-23 22:12:54,29.34,104.78,clear sky,48.76,48.76,85,0,0.96,0.0,0.0
257,Evensk,RU,2020-02-23 22:12:54,61.95,159.23,light snow,-2.9,-2.9,96,100,5.66,0.0,0.00984251968503937
258,Tautira,PF,2020-02-23 22:12:54,-17.73,-149.15,few clouds,87.01,87.8,62,20,18.34,0.0,0.0
259,Moscow,RU,2020-02-23 22:08:17,55.75,37.62,broken clouds,33.01,37.0,89,75,11.18,0.0,0.0
260,San Esteban,HN,2020-02-23 22:12:54,15.2,-85.75,scattered clouds,80.08,80.08,47,32,6.67,0.0,0.0
261,Mouila,GA,2020-02-23 22:12:55,-1.87,11.06,moderate rain,75.24,75.24,95,100,1.28,0.15275590551181104,0.0
262,Marabu,MY,2020-02-23 22:12:55,4.41,114.01,broken clouds,77.0,77.0,94,75,4.7,0.0,0.0
263,Oksfjord,NO,2020-02-23 22:12:55,70.24,22.35,light rain and snow,19.99,33.8,100,90,8.05,0.0,0.0
264,Stephenville,US,2020-02-23 22:12:55,32.22,-98.2,light rain,53.6,55.99,87,90,8.05,0.0,0.0
265,Sorland,NO,2020-02-23 22:12:55,67.67,12.69,overcast clouds,33.8,33.8,80,90,31.09,0.0,0.0
266,Yarmouth,US,2020-02-23 22:09:49,41.71,-70.23,clear sky,39.99,48.99,39,1,11.41,0.0,0.0
267,Darnah,LY,2020-02-23 22:12:56,32.77,22.64,broken clouds,55.96,55.96,65,65,19.64,0.0,0.0
268,Geraldton,AU,2020-02-23 22:12:56,-28.77,114.6,clear sky,71.6,71.6,94,0,6.04,0.0,0.0
269,Colares,PT,2020-02-23 22:12:56,38.8,-9.45,clear sky,53.01,66.0,59,0,6.93,0.0,0.0
270,Kangalassy,RU,2020-02-23 22:12:06,62.35,129.96,light snow,-16.6,-16.6,75,40,2.24,0.0,0.0
271,Abeche,TD,2020-02-23 22:12:57,13.83,20.83,clear sky,71.02,71.02,15,0,11.88,0.0,0.0
272,Trinidad,BO,2020-02-23 22:12:57,-14.83,-64.9,broken clouds,80.6,80.6,61,75,5.82,0.0,0.0
273,Honiara,SB,2020-02-23 22:07:58,-9.43,159.95,scattered clouds,80.6,80.6,83,40,2.24,0.0,0.0
274,Texarkana,US,2020-02-23 22:12:57,33.43,-94.05,light rain,51.01,53.01,100,90,9.17,0.0,0.0
275,Klaksvik,FO,2020-02-23 22:12:57,62.23,-6.59,scattered clouds,37.4,37.4,59,25,21.92,0.0,0.0
276,Southbridge,US,2020-02-23 22:12:57,42.08,-72.03,clear sky,45.0,52.0,29,1,4.7,0.0,0.0
277,Denpasar,ID,2020-02-23 22:12:58,-8.65,115.22,broken clouds,74.66,74.66,86,68,2.84,0.0,0.0
278,Tunceli,TR,2020-02-23 22:12:58,39.11,39.55,scattered clouds,32.0,33.8,100,26,4.7,0.0,0.0
279,Kolpashevo,RU,2020-02-23 22:12:58,58.31,82.91,clear sky,3.56,3.56,96,0,3.24,0.0,0.0
280,Yuksekova,TR,2020-02-23 22:12:58,37.57,44.29,mist,32.0,32.0,98,40,4.7,0.0,0.0
281,Aasiaat,GL,2020-02-23 22:12:58,68.71,-52.87,clear sky,-7.17,-7.17,73,7,2.68,0.0,0.0
282,Bela,IN,2020-02-23 22:12:59,25.93,81.98,light rain,63.12,63.12,81,0,1.95,0.01732283464566929,0.0
283,Ola,RU,2020-02-23 22:12:59,59.58,151.28,scattered clouds,-8.52,-8.52,91,47,6.35,0.0,0.0
284,Rocha,UY,2020-02-23 22:10:26,-34.48,-54.33,clear sky,78.1,78.1,41,0,7.94,0.0,0.0
285,Visnes,NO,2020-02-23 22:12:59,59.36,5.22,broken clouds,37.0,41.0,63,75,12.75,0.0,0.0
286,Laguna,US,2020-02-23 22:12:59,38.42,-121.42,clear sky,57.2,66.99,59,1,4.7,0.0,0.0
287,Nar'yan-Mar,RU,2020-02-23 22:13:00,67.67,53.09,overcast clouds,30.27,30.27,80,89,28.23,0.0,0.0
288,Adana,TR,2020-02-23 22:11:46,36.98,35.29,broken clouds,50.0,53.01,93,75,8.23,0.0,0.0
289,Qaqortoq,GL,2020-02-23 22:13:00,60.72,-46.03,light snow,24.8,24.8,53,100,11.41,0.0,0.03700787401574803
290,Umm Lajj,SA,2020-02-23 22:13:00,25.02,37.27,overcast clouds,62.78,62.78,47,100,3.83,0.0,0.0
291,Shimoda,JP,2020-02-23 22:13:00,34.67,138.95,clear sky,37.0,39.99,71,0,13.89,0.0,0.0
292,Warri,NG,2020-02-23 22:13:01,5.52,5.75,clear sky,82.72,82.72,78,6,5.66,0.0,0.0
293,Tamsweg,AT,2020-02-23 22:13:01,47.13,13.81,scattered clouds,33.8,44.01,80,40,2.24,0.0,0.0
294,Kansk,RU,2020-02-23 22:13:01,56.2,95.72,broken clouds,5.74,5.74,99,64,0.74,0.0,0.0
295,Hervey Bay,AU,2020-02-23 22:13:01,-25.3,152.85,broken clouds,73.4,79.0,88,75,8.05,0.0,0.0
296,Nemuro,JP,2020-02-23 22:13:02,43.32,145.57,scattered clouds,27.66,27.66,77,35,19.71,0.0,0.0
297,Loudeac,FR,2020-02-23 22:13:02,48.18,-2.75,overcast clouds,51.8,55.4,87,90,11.41,0.0,0.0
298,Khovd,MN,2020-02-23 22:09:49,48.01,91.64,overcast clouds,15.84,15.84,71,100,0.92,0.0,0.0
299,Pisco,PE,2020-02-23 22:13:02,-13.7,-76.22,broken clouds,71.6,75.99,30,75,8.05,0.0,0.0
300,Huilong,CN,2020-02-23 22:13:02,31.81,121.66,scattered clouds,50.0,52.0,84,41,4.0,0.0,0.0
301,Flin Flon,CA,2020-02-23 22:12:30,54.77,-101.86,scattered clouds,35.6,35.6,59,40,8.05,0.0,0.0
302,Coyhaique,CL,2020-02-23 22:13:03,-45.58,-72.07,scattered clouds,60.8,62.6,45,40,11.41,0.0,0.0
303,Wabana,CA,2020-02-23 22:09:20,47.63,-52.95,few clouds,28.99,32.0,85,20,13.87,0.0,0.0
304,Vanimo,PG,2020-02-23 22:13:03,-2.67,141.3,light rain,82.13,82.13,80,100,15.3,0.08385826771653543,0.0
305,Acri,IT,2020-02-23 22:13:03,39.49,16.38,broken clouds,51.01,57.2,82,75,13.87,0.0,0.0
306,Puerto Carreno,CO,2020-02-23 22:13:03,6.19,-67.49,scattered clouds,98.6,98.6,32,40,9.17,0.0,0.0
307,Rio Grande,BR,2020-02-23 22:13:04,-32.03,-52.1,clear sky,71.01,71.6,60,3,8.05,0.0,0.0
308,Ponot,PH,2020-02-23 22:13:04,8.45,123.02,light rain,77.52,77.52,85,57,19.75,0.005118110236220473,0.0
309,Loei,TH,2020-02-23 22:13:04,17.42,101.5,clear sky,61.7,61.7,65,0,3.53,0.0,0.0
310,Bereda,ES,2020-02-23 22:13:04,43.27,-7.54,fog,39.99,52.0,100,1,4.7,0.0,0.0
311,Jaciara,BR,2020-02-23 22:13:04,-15.97,-54.97,moderate rain,75.79,75.79,94,100,3.98,0.24133858267716538,0.0
312,Ubinskoye,RU,2020-02-23 22:13:04,55.31,79.68,overcast clouds,12.22,12.22,99,90,1.92,0.0,0.0
313,Kalmunai,LK,2020-02-23 22:13:05,7.42,81.82,overcast clouds,80.26,80.26,79,97,15.41,0.0,0.0
314,Wana,PK,2020-02-23 22:13:05,32.3,69.57,light rain,39.34,39.34,74,67,2.8,0.005118110236220473,0.0
315,Aberdeen,GB,2020-02-23 22:13:05,57.14,-2.1,clear sky,34.0,37.4,74,4,9.17,0.0,0.0
316,Nome,US,2020-02-23 22:13:05,64.5,-165.41,light snow,3.2,3.2,84,90,10.29,0.0,0.0
317,Belaya Gora,RU,2020-02-23 22:13:05,68.53,146.42,overcast clouds,-13.63,-13.63,97,100,3.2,0.0,0.0
318,Camacha,PT,2020-02-23 22:13:06,33.08,-16.33,few clouds,62.6,68.0,82,20,14.99,0.0,0.0
319,Qom,IR,2020-02-23 22:13:06,34.64,50.88,clear sky,52.32,52.32,54,2,3.33,0.0,0.0
320,Verkhoyansk,RU,2020-02-23 22:13:06,67.54,133.38,broken clouds,-20.58,-20.58,100,74,2.82,0.0,0.0
321,Peraiyur,IN,2020-02-23 22:13:06,9.74,77.79,mist,77.0,77.0,78,20,8.05,0.0,0.0
322,Pasinler,TR,2020-02-23 22:13:06,39.98,41.68,scattered clouds,24.8,24.8,92,40,2.08,0.0,0.0
323,St Austell,GB,2020-02-23 22:13:07,50.34,-4.77,light intensity drizzle,46.0,48.2,93,75,8.05,0.0,0.0
324,Hasaki,JP,2020-02-23 22:09:42,35.73,140.83,few clouds,30.2,34.0,80,20,7.76,0.0,0.0
325,Burley,US,2020-02-23 22:13:07,42.54,-113.79,clear sky,51.8,53.6,32,1,14.99,0.0,0.0
326,Havre-Saint-Pierre,CA,2020-02-23 22:08:22,50.23,-63.6,mist,30.2,30.2,92,90,6.93,0.0,0.0
327,Kokopo,PG,2020-02-23 22:10:04,-4.35,152.26,broken clouds,81.64,81.64,78,55,4.72,0.0,0.0
328,Ninghai,CN,2020-02-23 22:13:07,29.29,121.42,scattered clouds,45.0,53.01,76,49,4.47,0.0,0.0
329,Port-Cartier,CA,2020-02-23 22:13:08,50.03,-66.87,broken clouds,30.2,32.0,86,75,4.7,0.0,0.0
330,Airai,TL,2020-02-23 22:13:08,-8.93,125.41,clear sky,66.69,66.69,82,0,4.43,0.0,0.0
331,Tonj,SS,2020-02-23 22:13:08,7.27,28.68,scattered clouds,82.36,82.36,12,30,6.15,0.0,0.0
332,Nueve de Julio,AR,2020-02-23 22:13:08,-35.44,-60.88,clear sky,75.99,79.0,44,0,1.01,0.0,0.0
333,Alofi,NU,2020-02-23 22:13:08,-19.06,-169.92,light rain,82.4,82.4,88,100,9.17,0.10826771653543307,0.0
334,Murgab,TM,2020-02-23 22:13:09,37.5,61.97,scattered clouds,46.4,46.4,81,46,4.36,0.0,0.0
335,Lavrentiya,RU,2020-02-23 22:12:07,65.58,-171.0,clear sky,-7.56,-7.56,75,0,5.14,0.0,0.0
336,Nador,MA,2020-02-23 22:13:09,35.17,-2.93,overcast clouds,57.2,60.8,77,90,1.79,0.0,0.0
337,Kidal,ML,2020-02-23 22:13:09,18.44,1.41,scattered clouds,76.59,76.59,13,47,14.0,0.0,0.0
338,Magnolia,US,2020-02-23 22:13:09,33.27,-93.24,light rain,52.0,55.4,81,90,6.42,0.0,0.0
339,Cidreira,BR,2020-02-23 22:11:13,-30.18,-50.21,clear sky,71.91,71.91,73,1,17.29,0.0,0.0
340,Sitka,US,2020-02-23 22:10:25,57.05,-135.33,moderate rain,32.0,33.8,93,90,8.05,0.0,0.0
341,Ankang,CN,2020-02-23 22:12:22,32.68,109.02,few clouds,43.0,43.0,67,20,18.01,0.0,0.0
342,Kodiak,US,2020-02-23 22:13:10,57.79,-152.41,clear sky,24.8,24.8,35,1,18.34,0.0,0.0
343,Thunder Bay,CA,2020-02-23 22:10:56,48.4,-89.32,few clouds,42.8,42.8,48,20,17.22,0.0,0.0
344,Lagos,NG,2020-02-23 22:13:10,6.58,3.75,scattered clouds,86.0,86.0,84,38,5.82,0.0,0.0
345,Lukovetskiy,RU,2020-02-23 22:13:10,64.3,41.92,overcast clouds,33.8,33.8,91,90,8.95,0.0,0.0
346,Port Lincoln,AU,2020-02-23 22:13:11,-34.73,135.87,clear sky,65.64,65.64,85,0,6.53,0.0,0.0
347,Nishihara,JP,2020-02-23 22:13:11,26.18,127.76,few clouds,50.0,60.8,77,20,3.36,0.0,0.0
348,Nelson Bay,AU,2020-02-23 22:13:11,-32.72,152.15,overcast clouds,69.8,71.01,83,90,5.82,0.0,0.0
349,Kalabo,ZM,2020-02-23 22:13:11,-14.97,22.68,heavy intensity rain,69.55,69.55,95,100,1.7,0.6078740157480315,0.0
350,Cozumel,MX,2020-02-23 22:13:11,20.51,-86.95,broken clouds,78.01,81.0,57,75,16.11,0.0,0.0
351,Mangan,IN,2020-02-23 22:13:12,27.52,88.53,light rain,38.46,38.46,76,85,7.43,0.012204724409448819,0.0
352,Chui,UY,2020-02-23 22:13:12,-33.7,-53.46,few clouds,71.87,71.87,61,23,10.29,0.0,0.0
353,Gizo,SB,2020-02-23 22:13:12,-8.1,156.84,few clouds,78.8,78.8,86,16,4.09,0.0,0.0
354,Mogadishu,SO,2020-02-23 22:13:12,2.04,45.34,scattered clouds,80.62,80.62,81,41,26.8,0.0,0.0
355,Santa Luzia,BR,2020-02-23 22:13:12,-19.77,-43.85,broken clouds,73.4,73.4,78,75,13.87,0.0,0.0
356,Soe,ID,2020-02-23 22:13:13,-9.86,124.28,clear sky,74.71,74.71,89,3,3.6,0.0,0.0
357,Zhoucheng,CN,2020-02-23 22:13:13,35.91,116.31,overcast clouds,54.0,54.0,24,100,6.71,0.0,0.0
358,Portland,US,2020-02-23 22:10:01,45.52,-122.68,light rain,42.01,52.0,75,75,18.34,0.0,0.0
359,Puerto Suarez,BO,2020-02-23 22:13:13,-18.95,-57.8,light rain,86.0,87.8,52,100,5.82,0.007480314960629922,0.0
360,Nauta,PE,2020-02-23 22:10:09,-4.51,-73.58,overcast clouds,82.24,82.24,74,100,3.83,0.0,0.0
361,Luderitz,NA,2020-02-23 22:13:13,-26.65,15.16,clear sky,71.46,71.46,57,0,24.92,0.0,0.0
362,Emerald,AU,2020-02-23 22:13:14,-23.53,148.17,scattered clouds,73.0,73.4,100,40,10.29,0.0,0.0
363,Lenart,SI,2020-02-23 22:13:14,46.58,15.83,broken clouds,36.0,51.01,80,84,13.87,0.0,0.0
364,Tianpeng,CN,2020-02-23 22:13:14,30.99,103.94,mist,50.0,50.0,87,20,4.99,0.0,0.0
365,Varhaug,NO,2020-02-23 22:13:14,58.61,5.65,broken clouds,35.01,39.2,68,75,11.41,0.0,0.0
366,Tsaratanana,MG,2020-02-23 22:13:15,-16.78,47.65,light rain,69.67,69.67,97,100,1.83,0.02716535433070866,0.0
367,Qui Nhon,VN,2020-02-23 22:13:15,13.77,109.23,broken clouds,59.63,59.63,92,64,3.51,0.0,0.0
368,Provincia di Benevento,IT,2020-02-23 22:13:15,41.22,14.75,scattered clouds,50.0,55.4,76,40,5.82,0.0,0.0
369,Bumbuna,SL,2020-02-23 22:13:15,9.05,-11.73,overcast clouds,83.75,83.75,47,100,10.0,0.0,0.0
370,Byron Bay,AU,2020-02-23 22:10:52,-28.65,153.62,overcast clouds,66.99,75.0,94,90,2.86,0.0,0.0
371,Ripky,UA,2020-02-23 22:13:15,51.8,31.08,broken clouds,35.71,35.71,81,77,8.46,0.0,0.0
372,Noyabrsk,RU,2020-02-23 22:13:16,63.2,75.45,light snow,26.06,26.06,91,100,24.76,0.0,0.005118110236220473
373,Bengkulu,ID,2020-02-23 22:13:16,-3.8,102.27,clear sky,74.08,74.08,89,3,4.56,0.0,0.0
374,Mandalgovi,MN,2020-02-23 22:13:16,45.76,106.27,overcast clouds,19.58,19.58,62,99,10.78,0.0,0.0
375,Niquero,CU,2020-02-23 22:13:16,20.04,-77.58,light rain,79.25,79.25,61,78,7.07,0.007480314960629922,0.0
376,Nurota,UZ,2020-02-23 22:13:16,40.56,65.69,overcast clouds,41.0,41.0,86,85,2.24,0.0,0.0
377,Polczyn-Zdroj,PL,2020-02-23 22:13:16,53.76,16.1,light rain,36.0,41.0,94,100,5.01,0.07874015748031496,0.0
378,Sorong,ID,2020-02-23 22:13:17,-0.88,131.25,overcast clouds,74.95,74.95,98,98,2.08,0.0,0.0
379,Margate,GB,2020-02-23 22:11:11,51.38,1.39,overcast clouds,43.0,46.4,81,100,2.24,0.0,0.0
380,Saint George's,GD,2020-02-23 22:10:42,12.06,-61.75,broken clouds,78.8,78.8,88,75,9.17,0.0,0.0
381,Luganville,VU,2020-02-23 22:12:43,-15.53,167.17,scattered clouds,86.0,86.0,70,40,6.93,0.0,0.0
382,Fes,MA,2020-02-23 22:10:09,34.04,-5.0,clear sky,62.6,62.6,25,0,11.41,0.0,0.0
383,Juneau,US,2020-02-23 22:13:17,58.3,-134.42,moderate rain,33.8,35.01,96,90,2.82,0.0,0.0
384,Itoman,JP,2020-02-23 22:13:18,26.12,127.67,few clouds,50.0,60.8,77,20,3.36,0.0,0.0
385,Austin,US,2020-02-23 22:09:14,30.27,-97.74,overcast clouds,60.8,71.01,72,90,6.93,0.0,0.0
386,Zhigansk,RU,2020-02-23 22:13:18,66.77,123.37,overcast clouds,-12.48,-12.48,97,99,11.03,0.0,0.0
387,Aripuana,BR,2020-02-23 22:13:18,-9.17,-60.63,moderate rain,79.9,79.9,95,91,1.41,0.1968503937007874,0.0
388,Zapolyarnyy,RU,2020-02-23 22:13:18,69.42,30.81,broken clouds,23.0,23.0,92,75,6.93,0.0,0.0
389,Cheremkhovo,RU,2020-02-23 22:13:19,53.16,103.07,clear sky,2.16,2.16,97,2,2.57,0.0,0.0
390,Lompoc,US,2020-02-23 22:10:08,34.64,-120.46,clear sky,57.2,66.0,55,1,9.17,0.0,0.0
391,Ostrovnoy,RU,2020-02-23 22:13:19,68.05,39.51,light snow,29.05,29.05,95,100,15.93,0.0,0.01732283464566929
392,Shitanjing,CN,2020-02-23 22:13:19,39.23,106.34,overcast clouds,38.14,38.14,36,100,3.0,0.0,0.0
393,Rafai,CF,2020-02-23 22:13:19,4.95,23.92,clear sky,78.31,78.31,18,9,3.4,0.0,0.0
394,Sibolga,ID,2020-02-23 22:13:20,1.74,98.78,clear sky,70.74,70.74,89,0,4.03,0.0,0.0
395,Kaffrine,SN,2020-02-23 22:13:20,14.11,-15.55,overcast clouds,86.0,86.0,40,100,6.62,0.0,0.0
396,Gamba,GA,2020-02-23 22:13:20,-2.65,10.0,broken clouds,78.48,78.48,90,71,3.85,0.0,0.0
397,Ramos Arizpe,MX,2020-02-23 22:08:56,25.55,-100.97,broken clouds,73.0,82.4,39,75,9.17,0.0,0.0
398,Bojnourd,IR,2020-02-23 22:13:20,37.47,57.33,clear sky,35.6,35.6,71,0,2.24,0.0,0.0
399,Tandil,AR,2020-02-23 22:13:20,-37.32,-59.13,clear sky,75.0,78.01,47,0,4.0,0.0,0.0
400,Bilma,NE,2020-02-23 22:13:06,18.69,12.92,broken clouds,66.04,66.04,20,64,12.77,0.0,0.0
401,Tongliao,CN,2020-02-23 22:13:21,43.61,122.27,clear sky,23.97,23.97,66,0,5.64,0.0,0.0
402,Vila Velha,BR,2020-02-23 22:13:21,-20.33,-40.29,overcast clouds,75.99,77.0,69,90,13.87,0.0,0.0
403,Algeciras,ES,2020-02-23 22:13:11,36.13,-5.45,broken clouds,57.2,59.0,87,75,6.93,0.0,0.0
404,Tomari,RU,2020-02-23 22:13:22,47.77,142.07,clear sky,22.64,22.64,69,0,23.35,0.0,0.0
405,Maceio,BR,2020-02-23 22:11:20,-9.67,-35.74,few clouds,80.6,80.6,83,20,10.29,0.0,0.0
406,Guryevsk,RU,2020-02-23 22:13:22,54.28,85.93,clear sky,7.97,7.97,96,0,2.89,0.0,0.0
407,Sakakah,SA,2020-02-23 22:13:22,29.97,40.21,overcast clouds,60.8,60.8,29,100,8.05,0.0,0.0
408,Bagdarin,RU,2020-02-23 22:13:22,54.43,113.6,clear sky,-2.51,-2.51,84,2,6.38,0.0,0.0
409,Cairns,AU,2020-02-23 22:10:40,-16.92,145.77,light rain,72.0,79.0,94,90,2.24,0.0,0.0
410,Narsaq,GL,2020-02-23 22:13:23,60.92,-46.05,light snow,24.8,24.8,53,100,11.41,0.0,0.05669291338582677
411,Padang,ID,2020-02-23 22:13:23,-0.95,100.35,clear sky,69.89,69.89,84,0,6.46,0.0,0.0
412,Kaliganj,BD,2020-02-23 22:13:23,23.41,89.14,broken clouds,68.47,68.47,46,79,2.66,0.0,0.0
413,Iroquois Falls,CA,2020-02-23 22:13:23,48.77,-80.68,broken clouds,37.4,37.4,64,75,10.29,0.0,0.0
414,Manati,PR,2020-02-23 22:13:24,18.43,-66.49,heavy intensity rain,68.0,80.01,70,90,3.22,0.0,0.0
415,Ulladulla,AU,2020-02-23 22:11:39,-35.35,150.47,few clouds,64.99,73.99,68,13,6.93,0.0,0.0
416,Kihei,US,2020-02-23 22:09:22,20.79,-156.47,scattered clouds,73.4,80.6,61,40,9.17,0.0,0.0
417,Kieta,PG,2020-02-23 22:13:24,-6.22,155.63,light rain,81.63,81.63,74,37,4.47,0.03937007874015748,0.0
418,Tacuarembo,UY,2020-02-23 22:11:26,-31.73,-55.98,clear sky,78.98,78.98,40,0,6.44,0.0,0.0
419,Miles City,US,2020-02-23 22:13:25,46.41,-105.84,few clouds,42.8,42.8,38,20,12.75,0.0,0.0
420,Hastings,GB,2020-02-23 22:13:25,50.86,0.57,overcast clouds,42.01,46.99,81,100,2.24,0.0,0.0
421,Vao,NC,2020-02-23 22:13:25,-22.67,167.48,scattered clouds,78.08,78.08,75,50,12.88,0.0,0.0
422,Waingapu,ID,2020-02-23 22:12:36,-9.66,120.26,scattered clouds,83.1,83.1,78,49,17.94,0.0,0.0
423,Zimovniki,RU,2020-02-23 22:13:25,47.15,42.46,overcast clouds,38.77,38.77,84,100,14.7,0.0,0.0
424,Van Wert,US,2020-02-23 22:13:26,40.87,-84.58,clear sky,50.0,52.0,59,1,13.87,0.0,0.0
425,Port Hedland,AU,2020-02-23 22:13:26,-20.32,118.57,broken clouds,78.8,78.8,78,70,5.82,0.0,0.0
426,Mecca,SA,2020-02-23 22:13:26,21.43,39.83,overcast clouds,71.04,71.04,61,100,4.09,0.0,0.0
427,Iqaluit,CA,2020-02-23 22:09:45,63.75,-68.51,few clouds,-25.6,-25.01,67,20,10.29,0.0,0.0
428,Wad Rawah,SD,2020-02-23 22:13:26,15.16,33.14,clear sky,72.61,72.61,14,0,13.22,0.0,0.0
429,Bacabal,BR,2020-02-23 22:13:26,-4.29,-44.79,clear sky,80.38,80.38,86,2,3.44,0.0,0.0
430,Mossamedes,AO,2020-02-23 22:13:27,-15.2,12.15,overcast clouds,74.35,74.35,78,100,7.16,0.0,0.0
431,Narodychi,UA,2020-02-23 22:13:27,51.2,29.08,light rain,38.12,38.12,90,100,9.24,0.007480314960629922,0.0
432,Takoradze,GH,2020-02-23 22:13:27,4.88,-1.76,broken clouds,79.92,79.92,89,82,5.91,0.0,0.0
433,Zaysan,KZ,2020-02-23 22:13:27,47.47,84.87,light snow,15.85,15.85,97,100,1.12,0.0,0.005118110236220473
434,Sao Lourenco do Sul,BR,2020-02-23 22:13:28,-31.37,-51.98,clear sky,71.01,71.6,60,0,8.05,0.0,0.0
435,Marabba,SD,2020-02-23 22:13:28,12.35,32.18,clear sky,75.6,75.6,13,1,13.49,0.0,0.0
436,City of San Pedro,PH,2020-02-23 22:12:34,14.35,121.02,few clouds,75.0,77.0,78,20,3.36,0.0,0.0
437,Hofn,IS,2020-02-23 22:13:28,64.25,-15.21,broken clouds,37.6,37.6,70,59,20.98,0.0,0.0
438,San Vicente,AR,2020-02-23 22:13:29,-26.62,-54.13,overcast clouds,73.99,73.99,85,99,1.28,0.0,0.0
439,Porto-Novo,BJ,2020-02-23 22:13:29,6.5,2.6,few clouds,86.0,86.0,84,20,11.41,0.0,0.0
440,Kaeo,NZ,2020-02-23 22:13:29,-35.1,173.78,clear sky,72.0,72.0,55,0,10.0,0.0,0.0
441,Tsimmerbude,RU,2020-02-23 22:13:29,54.67,20.13,broken clouds,39.2,39.2,86,75,11.18,0.0,0.0
442,Taltal,CL,2020-02-23 22:13:30,-25.4,-70.48,few clouds,67.82,67.82,68,12,6.02,0.0,0.0
443,Anito,PH,2020-02-23 22:13:30,12.45,125.29,light rain,80.15,80.15,81,2,20.22,0.03700787401574803,0.0
444,Cockburn Town,TC,2020-02-23 22:13:30,21.46,-71.14,broken clouds,77.0,77.0,65,75,16.11,0.0,0.0
445,Qandala,SO,2020-02-23 22:13:30,11.47,49.87,few clouds,74.48,74.48,76,20,2.8,0.0,0.0
446,Gornopravdinsk,RU,2020-02-23 22:13:30,60.05,69.9,light snow,27.84,27.84,93,100,8.81,0.0,0.005118110236220473
447,Bardiyah,LY,2020-02-23 22:13:30,31.76,25.09,light rain,55.2,55.2,67,41,16.13,0.03188976377952756,0.0
448,Bandarbeyla,SO,2020-02-23 22:13:31,9.49,50.81,overcast clouds,78.08,78.08,75,100,16.04,0.0,0.0
449,De-Kastri,RU,2020-02-23 22:12:07,51.47,140.78,scattered clouds,5.25,5.25,95,39,3.87,0.0,0.0
450,Ardakan,IR,2020-02-23 22:13:31,32.31,54.02,clear sky,53.6,53.6,25,9,6.93,0.0,0.0
451,Arlit,NE,2020-02-23 22:13:31,18.74,7.39,scattered clouds,70.0,70.0,16,25,10.38,0.0,0.0
452,Bonavista,CA,2020-02-23 22:09:43,48.65,-53.11,scattered clouds,30.99,30.99,82,27,11.01,0.0,0.0
453,Salihorsk,BY,2020-02-23 22:13:31,52.79,27.54,light rain,35.35,35.35,91,100,8.48,0.014960629921259844,0.0
454,Urumqi,CN,2020-02-23 22:13:32,43.8,87.6,broken clouds,30.2,30.2,86,75,2.24,0.0,0.0
455,Morehead,US,2020-02-23 22:13:32,37.27,-87.18,overcast clouds,51.01,57.2,56,90,12.75,0.0,0.0
456,Kamenka,RU,2020-02-23 22:13:32,51.32,42.77,snow,33.01,34.0,97,100,5.99,0.0,0.0688976377952756
457,Shingu,JP,2020-02-23 22:13:32,33.73,135.98,clear sky,46.24,46.24,66,0,6.22,0.0,0.0
458,Thinadhoo,MV,2020-02-23 22:13:32,0.53,72.93,light rain,82.98,82.98,79,90,15.59,0.05669291338582677,0.0
459,Coquimbo,CL,2020-02-23 22:13:32,-29.95,-71.34,scattered clouds,66.2,66.2,63,49,14.99,0.0,0.0
460,Esim,GH,2020-02-23 22:13:33,4.87,-2.24,broken clouds,79.92,79.92,89,82,5.91,0.0,0.0
461,Iralaya,HN,2020-02-23 22:13:33,15.0,-83.23,clear sky,77.56,77.56,70,0,19.6,0.0,0.0
462,Meadow Lake,US,2020-02-23 22:13:34,34.8,-106.54,overcast clouds,39.0,52.0,75,90,14.99,0.0,0.0
463,Aksu,CN,2020-02-23 22:13:34,41.12,80.26,overcast clouds,37.27,37.27,45,96,4.34,0.0,0.0
464,Harlingen,US,2020-02-23 22:10:24,26.19,-97.7,scattered clouds,75.0,82.4,47,40,24.16,0.0,0.0
465,Olafsvik,IS,2020-02-23 22:13:34,64.89,-23.71,snow,30.24,30.24,95,100,6.78,0.0,0.09094488188976378
466,Koungou,YT,2020-02-23 22:13:34,-12.73,45.2,light rain,78.8,78.8,94,100,3.36,0.11811023622047245,0.0
467,Yelanskiy,RU,2020-02-23 22:08:42,56.84,62.5,clear sky,16.2,16.2,94,3,8.12,0.0,0.0
468,Mistrato,CO,2020-02-23 22:13:35,5.3,-75.88,shower rain,66.2,77.0,73,40,9.17,0.0,0.0
469,Mayo,US,2020-02-23 22:13:35,38.89,-76.51,clear sky,48.99,57.99,34,1,4.7,0.0,0.0
470,Dalbandin,PK,2020-02-23 22:13:35,28.89,64.41,clear sky,63.46,63.46,36,0,1.61,0.0,0.0
471,Bintulu,MY,2020-02-23 22:08:48,3.17,113.03,broken clouds,77.0,77.0,94,75,2.24,0.0,0.0
472,OEstersund,SE,2020-02-23 22:13:36,63.18,14.64,heavy snow,26.6,28.99,86,75,18.34,0.0,0.0
473,Roald,NO,2020-02-23 22:13:36,62.58,6.13,broken clouds,26.01,36.0,69,75,11.41,0.0,0.0
474,Severodvinsk,RU,2020-02-23 22:13:36,64.56,39.83,overcast clouds,33.8,33.8,96,90,8.95,0.0,0.0
475,Bobo-Dioulasso,BF,2020-02-23 22:10:55,11.18,-4.3,few clouds,84.6,84.6,16,21,5.79,0.0,0.0
476,Lashio,MM,2020-02-23 22:13:36,22.93,97.75,light rain,55.69,55.69,93,0,2.75,0.007480314960629922,0.0
477,Codajas,BR,2020-02-23 22:13:36,-3.84,-62.06,light rain,87.44,87.44,79,21,1.99,0.08622047244094488,0.0
478,Te Anau,NZ,2020-02-23 22:13:37,-45.42,167.72,clear sky,52.12,52.12,72,2,2.98,0.0,0.0
479,Fuling,CN,2020-02-23 22:13:37,29.7,107.39,overcast clouds,49.48,49.48,90,100,1.92,0.0,0.0
480,Heidenau,DE,2020-02-23 22:13:37,50.97,13.87,broken clouds,39.99,45.0,70,75,26.4,0.0,0.0
481,Dryden,CA,2020-02-23 22:13:37,49.78,-92.75,light rain,35.6,35.6,69,90,14.99,0.0,0.0
482,Kilindoni,TZ,2020-02-23 22:13:37,-7.91,39.67,overcast clouds,84.58,84.58,76,91,16.58,0.0,0.0
483,Vanavara,RU,2020-02-23 22:13:37,60.34,102.28,overcast clouds,12.72,12.72,95,100,7.0,0.0,0.0
484,Pontes e Lacerda,BR,2020-02-23 22:13:38,-15.23,-59.34,overcast clouds,76.51,76.51,83,92,3.85,0.0,0.0
485,Lielvarde,LV,2020-02-23 22:13:38,56.72,24.81,light rain,37.0,39.2,80,91,8.05,0.005118110236220473,0.0
486,Caravelas,BR,2020-02-23 22:13:38,-17.71,-39.25,light rain,79.25,79.25,85,100,14.43,0.005118110236220473,0.0
487,Olga,RU,2020-02-23 22:13:38,43.74,135.29,overcast clouds,29.77,29.77,65,96,11.21,0.0,0.0
488,Kisangani,CD,2020-02-23 22:13:38,0.52,25.2,scattered clouds,77.43,77.43,69,36,3.6,0.0,0.0
489,Itarema,BR,2020-02-23 22:13:07,-2.92,-39.92,clear sky,78.28,78.28,88,7,5.28,0.0,0.0
490,Manono,CD,2020-02-23 22:13:39,-7.3,27.42,light rain,72.0,72.0,95,100,3.15,0.08385826771653543,0.0
491,Athabasca,CA,2020-02-23 22:13:39,54.72,-113.29,clear sky,26.24,26.24,80,0,3.09,0.0,0.0
492,Sharkan,RU,2020-02-23 22:13:39,57.3,53.87,light snow,27.0,27.0,91,100,7.0,0.0,0.029527559055118113
493,Mayumba,GA,2020-02-23 22:13:39,-3.43,10.66,overcast clouds,82.08,82.08,79,87,7.29,0.0,0.0
494,Atasu,KZ,2020-02-23 22:13:39,48.68,71.64,clear sky,6.67,6.67,88,0,4.21,0.0,0.0
495,Sobolevo,RU,2020-02-23 22:09:53,54.43,31.9,overcast clouds,32.52,32.52,80,100,11.95,0.0,0.0
496,Charyshskoye,RU,2020-02-23 22:13:40,51.4,83.56,light snow,11.23,11.23,96,99,1.57,0.0,0.005118110236220473
497,Ponta do Sol,PT,2020-02-23 22:13:40,32.67,-17.1,few clouds,68.0,69.01,45,20,18.34,0.0,0.0
498,Egvekinot,RU,2020-02-23 22:13:40,66.32,-179.17,clear sky,-29.07,-29.07,88,0,1.74,0.0,0.0
499,Chapais,CA,2020-02-23 22:13:40,49.78,-74.85,overcast clouds,32.0,32.0,90,90,8.05,0.0,0.0
500,Okhotsk,RU,2020-02-23 22:13:40,59.38,143.3,few clouds,-14.96,-14.96,77,16,7.9,0.0,0.0
501,Trairi,BR,2020-02-23 22:13:41,-3.28,-39.27,overcast clouds,76.59,76.59,89,99,2.53,0.0,0.0
502,Carutapera,BR,2020-02-23 22:13:41,-1.2,-46.02,overcast clouds,82.33,82.33,81,99,14.67,0.0,0.0
503,Cheremshan,RU,2020-02-23 22:13:41,54.67,51.5,light snow,25.41,25.41,93,100,21.12,0.0,0.041732283464566935
504,Hanko,FI,2020-02-23 22:13:41,59.83,22.95,broken clouds,33.01,36.0,72,58,3.0,0.0,0.0
505,Riachao,BR,2020-02-23 22:13:42,-7.36,-46.62,broken clouds,80.44,80.44,76,75,3.85,0.0,0.0
506,Talaya,RU,2020-02-23 22:13:42,61.38,152.75,overcast clouds,-21.71,-21.71,100,92,0.18,0.0,0.0
507,Broome,US,2020-02-23 22:13:42,42.25,-75.83,clear sky,42.01,48.99,28,1,10.29,0.0,0.0
508,Coahuayana Viejo,MX,2020-02-23 22:13:42,18.73,-103.68,clear sky,86.0,86.0,51,5,11.41,0.0,0.0
509,Homer,US,2020-02-23 22:13:42,59.64,-151.55,scattered clouds,10.99,21.2,62,40,8.05,0.0,0.0
510,Kathu,TH,2020-02-23 22:13:42,7.92,98.33,few clouds,75.2,75.2,83,20,17.25,0.0,0.0
511,Ubari,LY,2020-02-23 22:13:43,26.59,12.78,clear sky,53.13,53.13,44,0,6.87,0.0,0.0
512,Bathsheba,BB,2020-02-23 22:13:43,13.22,-59.52,scattered clouds,82.4,82.4,74,40,13.87,0.0,0.0
513,Tahe,CN,2020-02-23 22:13:43,52.33,124.73,overcast clouds,6.93,6.93,94,96,4.23,0.0,0.0
514,Praia da Vitoria,PT,2020-02-23 22:13:43,38.73,-27.07,few clouds,59.0,59.0,82,20,7.14,0.0,0.0
515,Banjar,ID,2020-02-23 22:13:43,-8.19,114.97,broken clouds,82.62,82.62,71,70,1.05,0.0,0.0
516,Ouidah,BJ,2020-02-23 22:13:43,6.36,2.09,few clouds,86.0,86.0,84,20,11.41,0.0,0.0
517,Meulaboh,ID,2020-02-23 22:13:25,4.14,96.13,clear sky,81.03,81.03,81,5,7.7,0.0,0.0
518,Atar,MR,2020-02-23 22:13:44,20.52,-13.05,overcast clouds,84.87,84.87,16,100,7.43,0.0,0.0
519,Yebaishou,CN,2020-02-23 22:13:44,41.4,119.64,broken clouds,28.08,28.08,66,81,2.1,0.0,0.0
520,Fairbanks,US,2020-02-23 22:13:06,64.84,-147.72,clear sky,-5.8,-2.0,76,1,2.64,0.0,0.0
521,Gurupi,BR,2020-02-23 22:13:44,-11.73,-49.07,light rain,84.25,84.25,73,32,2.15,0.00984251968503937,0.0
522,Tual,ID,2020-02-23 22:13:45,-5.67,132.75,light rain,82.78,82.78,77,100,10.6,0.10590551181102363,0.0
523,Tupaciguara,BR,2020-02-23 22:13:45,-18.59,-48.7,broken clouds,75.2,75.2,78,75,3.36,0.0,0.0
524,La Tuque,CA,2020-02-23 22:13:45,47.43,-72.78,overcast clouds,31.78,31.78,90,100,4.72,0.0,0.0
525,San Patricio,MX,2020-02-23 22:13:45,19.22,-104.7,clear sky,84.2,84.2,74,5,13.87,0.0,0.0
526,Itupiranga,BR,2020-02-23 22:13:45,-5.13,-49.33,few clouds,91.4,91.4,49,20,4.7,0.0,0.0
527,Lesogorsk,RU,2020-02-23 22:13:45,56.05,99.51,overcast clouds,10.69,10.69,97,100,1.52,0.0,0.0
528,Oxford,GB,2020-02-23 22:13:46,51.75,-1.26,overcast clouds,39.0,46.4,70,100,1.12,0.0,0.0
529,Banmankhi,IN,2020-02-23 22:13:46,25.88,87.18,light rain,65.21,65.21,74,67,4.32,0.01732283464566929,0.0
530,Liuhe,CN,2020-02-23 22:13:46,42.24,125.72,clear sky,18.45,18.45,96,2,4.79,0.0,0.0
531,Tuy Hoa,VN,2020-02-23 22:13:46,13.08,109.3,light rain,73.76,73.76,79,4,17.49,0.007480314960629922,0.0
532,Socorro,US,2020-02-23 22:13:46,31.65,-106.3,clear sky,57.0,62.6,28,1,28.86,0.0,0.0
533,Harda,IN,2020-02-23 22:13:47,22.33,77.1,clear sky,65.26,65.26,42,0,9.01,0.0,0.0
534,Kamaishi,JP,2020-02-23 22:13:47,39.27,141.88,clear sky,32.02,32.02,58,0,3.4,0.0,0.0
535,Arys,KZ,2020-02-23 22:13:47,42.43,68.8,mist,39.2,39.2,93,90,1.92,0.0,0.0
536,Comodoro Rivadavia,AR,2020-02-23 22:11:21,-45.87,-67.5,clear sky,66.2,66.2,59,4,13.87,0.0,0.0
537,Bauchi,NG,2020-02-23 22:13:47,10.5,10.0,clear sky,74.66,74.66,17,0,8.14,0.0,0.0
538,Safaga,EG,2020-02-23 22:13:47,26.73,33.94,overcast clouds,62.6,62.6,39,100,6.93,0.0,0.0
539,Baghdad,IQ,2020-02-23 22:09:55,33.34,44.4,overcast clouds,55.4,55.4,66,100,3.36,0.0,0.0
540,Igrim,RU,2020-02-23 22:13:48,63.19,64.42,broken clouds,27.41,27.41,84,68,14.34,0.0,0.0
541,Presidencia Roque Saenz Pena,AR,2020-02-23 22:13:48,-26.79,-60.44,scattered clouds,79.39,79.39,38,25,2.53,0.0,0.0
542,Okha,RU,2020-02-23 22:13:48,53.57,142.95,clear sky,-5.69,-5.69,100,2,7.43,0.0,0.0
543,Marang,MY,2020-02-23 22:13:49,5.21,103.21,scattered clouds,80.01,80.6,83,40,9.17,0.0,0.0
544,Douentza,ML,2020-02-23 22:13:49,15.0,-2.95,scattered clouds,80.64,80.64,11,41,7.43,0.0,0.0
545,Arnissa,GR,2020-02-23 22:13:49,40.8,21.83,scattered clouds,35.01,46.0,44,26,4.7,0.0,0.0
546,Taoudenni,ML,2020-02-23 22:13:49,22.68,-3.98,broken clouds,78.84,78.84,9,65,18.07,0.0,0.0
547,Kota Kinabalu,MY,2020-02-23 22:11:09,5.97,116.07,few clouds,75.0,75.2,83,20,4.7,0.0,0.0
548,Vestmannaeyjar,IS,2020-02-23 22:13:50,63.44,-20.27,light snow,40.78,40.78,63,100,27.31,0.0,0.03464566929133858
549,Tomatlan,MX,2020-02-23 22:13:50,19.93,-105.25,few clouds,94.77,94.77,25,18,9.17,0.0,0.0
550,Sechenovo,RU,2020-02-23 22:13:50,55.22,45.89,light snow,30.85,30.85,96,100,14.45,0.0,0.05433070866141732
551,Lipova,RO,2020-02-23 22:13:50,46.08,21.7,overcast clouds,46.0,50.0,70,100,11.41,0.0,0.0
552,Acarau,BR,2020-02-23 22:13:50,-2.89,-40.12,clear sky,78.28,78.28,88,7,5.28,0.0,0.0
553,Almeirim,BR,2020-02-23 22:11:00,-1.52,-52.58,light rain,82.09,82.09,87,87,3.29,0.09094488188976378,0.0
554,Teya,RU,2020-02-23 22:13:51,60.38,92.63,clear sky,1.76,1.76,93,3,3.27,0.0,0.0
555,Torit,SS,2020-02-23 22:10:06,4.41,32.57,scattered clouds,84.67,84.67,41,30,2.91,0.0,0.0
556,Lugovoy,KZ,2020-02-23 22:13:51,42.95,72.76,overcast clouds,32.41,32.41,93,100,2.33,0.0,0.0
557,Lata,PT,2020-02-23 22:13:51,40.16,-8.33,clear sky,46.99,59.0,76,0,1.12,0.0,0.0
558,Port Blair,IN,2020-02-23 22:12:42,11.67,92.75,mist,75.2,75.2,88,40,4.7,0.0,0.0
559,Kismayo,SO,2020-02-23 22:13:52,-0.36,42.55,few clouds,81.88,81.88,85,19,18.77,0.0,0.0
560,Kashgar,CN,2020-02-23 22:13:52,39.45,75.98,broken clouds,41.0,41.0,25,55,4.47,0.0,0.0
561,Kloulklubed,PW,2020-02-23 22:13:52,7.04,134.26,broken clouds,80.6,80.6,78,75,14.99,0.0,0.0
562,Malakal,SS,2020-02-23 22:13:52,9.53,31.66,scattered clouds,85.84,85.84,9,32,9.6,0.0,0.0
563,Liverpool,GB,2020-02-23 22:12:11,53.41,-2.98,few clouds,37.0,42.8,81,20,5.82,0.0,0.0
564,Batalha,BR,2020-02-23 22:13:52,-9.68,-37.12,overcast clouds,85.35,85.35,59,98,13.87,0.0,0.0
565,Porto Tolle,IT,2020-02-23 22:13:53,44.95,12.32,mist,46.0,52.0,87,75,2.24,0.0,0.0
566,Shakhovskaya,RU,2020-02-23 22:13:53,56.03,35.51,overcast clouds,34.11,34.11,87,93,12.97,0.0,0.0
567,Altay,CN,2020-02-23 22:13:53,47.87,88.12,scattered clouds,7.88,7.88,78,50,4.32,0.0,0.0
568,Sirmaur,IN,2020-02-23 22:13:53,24.85,81.38,clear sky,64.33,64.33,68,0,2.24,0.0,0.0
569,Ndende,GA,2020-02-23 22:13:53,-2.4,11.36,light rain,75.27,75.27,96,100,2.39,0.11062992125984253,0.0
